Name	Type	Region	PKG direct link	File Size
101-in-1 Megamix	PSP	EU	http://zeusXXXXEP4069/NPEH00068_00/6rJOUVjS1NnGHa67stOtBGSxKTt3jDqWEJ7Qe3hU7tsnjpc2iVoAeE88HoJ8MSkX.pkg	413
2010 FIFA World Cup South Africa	PSP	EU	http://zeusXXXXEP0006/ULES01412_00/TNlC9iOyRADWaL6rURvEF7ybEPkUwahiw1ydwrSXpff9JwgmrdSNBXdVxN0afPwad6iFESU2vo5h2Q5w2Evg2wBxF41LqIbwEIwE0.pkg	1033
2010 FIFA World Cup South Africa (German)	PSP	EU	http://zeusXXXXEP0006/ULES01413_00/xY7Lh27c0QLXWmiEsuu3Xp3jT8OEqFs2Cmb6TGnj15yD0vjsrpEY9gmYjBaUkic1sGfJyQjnJ64sTj4x5OOoRdfJUa48At3TtFBBQ.pkg	1294
Ace Combat: Joint Assault	PSP	EU	http://zeusXXXXEP0700/ULES01408_00/h4bkwqGc3nKpHb43XIPmmNYsgiH9RGH62MgkiDU8DjR53v11HTIT6mBfAXxF2NpM.pkg	1398
Aedis Eclipse: Generation of Chaos	PSP	EU	http://zeusXXXXEP4015/NPEH00106_00/FxdWABPGLzUlwfNGjxSASHOQkKfLHFaiBkKxlwuxONNJnCjyFSebQEHpTZcFwdhS.pkg	580
AFL Challenge	PSP	EU	http://zeusXXXXEP4116/NPEH00022_00/LrnRpsbYXOdMPGsnGOvLbF1xxspMaV3WQ8e6QJxVX5fP7Xk0p7xnMETTshDbGjqM1TTLmJXTFv501fRXexnGQavmCFccXYqREl4vq.pkg	17
Ape Academy	PSP	EU	http://zeusXXXXEP9000/UCES00010_00/sbrvpi7HIA6bDvTh1CgdEgRLSX1IsrF5ut1sj90D7d38dVx9R6hIOPCkj1OpSsnCYGX6s36tytC9nVUh4nRXeA9SOAngHbcVdv1qQ.pkg	133
Ape Academy 2	PSP	EU	http://zeusXXXXEP9000/UCES00302_00/uS8hesiMKb9kAIOsdh0NC4L9aTPmyvJXLb8wPR7CYBvnSuvMuHs9gefBjorBc2kHgAYmhrEgqWkmIlRIJFD1x8uQAKqprAs2aT1cX.pkg	662
Ape Quest (Prologue)	PSP	EU	http://zeusXXXXEP9000/NPEG00005_00/cCC53YedwIstMh54hhulsqmHmlLCMr4He9aKSNFGRTDNGvcUgcqpqbAcFU25tJC8PN1ksFVqlErDjeHYyijpCfqHD5WSAu6qqEDlt.pkg	231
Archer Maclean's Mercury	PSP	EU	http://zeusXXXXEP4002/ULES00011_00/F4e0Q3yiAht1FitqCOFdPfHvXEwvmjnYne9Ket0k3L93hDYlNcDBlqp6XX5lVns4XvrSXAarUJp5JKpVJaxLYUGeSqPtMjjUIf5A3.pkg	257
Armored Core 3 Portable	PSP	EU	http://zeusXXXXEP0506/NPEH00045_00/ScvebGmdhWh5iMk3wxSNbtNQvNEFoi4BUtXedg8EGjQSwf5RTQsUEu4Wd5FWLe4iAhalI0pqJD8iJjRptNW3Uffx26xqYjrTT5LcI.pkg	323
ARMORED CORE LAST RAVEN Portable	PSP	EU	http://zeusXXXXEP0506/NPEH00046_00/xy9lGQBpo86imgTsInUwguhLQXrlEi7VVinNp9CKkLQNx6gSdoHwpD9i0uEUQnemFA1nqSCyQPrCGCAX4FGw7dsjC8HHamt67LVIP.pkg	824
Armored Core: Silent Line Portable	PSP	EU	http://zeusXXXXEP0506/NPEH00047_00/aWhELdIpUj7TB4djByojTxL9XL5RIORvjUwly26rbYxn48vq6KfKXqxWng2fypLxmV8L9cKhcu3OhjyGdscNag8QrRRq3Dspotfmg.pkg	331
Asphalt: Urban GT 2	PSP	EU	http://zeusXXXXEP0001/ULES00719_00/vatNiQMgNynRaEQzzIINxkRAYbJGvlAADvojjcIopMXjNXBdxdblOTvKSdiTJgpc.pkg	238
Assassin's Creed: Bloodlines	PSP	EU	http://zeusXXXXEP0001/NPEH00029_00/MMsPCBHExs8Y3KuoAQjpgvesLNEBknvgctaBbK7nDJ0Oy1OsCjNJOlay7YFySsvKiiBDQTRf4fN72BrsAw0MNMC5NIfMX1f5MMfQu.pkg	602
Astonishia Story	PSP	EU	http://zeusXXXXEP0001/ULES00363_00/L6lTuwaWWNyrtjydIFB4l7TuaGSFaUfBvgok3GlxXNLVOqcaD9uLprgdq1OWJSQxk86G4fCisH5YNDRr2d16oWVxooooaNdA5840F.pkg	69
B-Boy	PSP	EU	http://zeusXXXXEP9000/UCES00249_00/XAxUh1ggRrwroaIhw5JMUYF1lE70Dt9IiXc2C5r5I2QytoYjaYM6bRs6AuOTieKrx01fJS9CbBXCcpsK5av6duxgeDU7w9NtmPt3G.pkg	1712
Beaterator	PSP	EU	http://zeusXXXXEP1004/ULES01023_00/e8s3JjYD1K4l44ec543rBqVsWHYVDmixk3IJbXUQ3R6P3rQJtiidBayNAFCRggL6MJQXGMCwImjbiwlV9t0DHcDjm8K6aHC7JsXM1.pkg	666
Beats	PSP	EU	http://zeusXXXXEP9000/NPEG00001_00/Sh8o5XfmsUBPwsYmA4g38MLTUAbUvK4eo4Umf23bsFUWbMbr7s0lMqxaH2eVLQV53SjGlsmWnR2CLYLOngdldSRPPAkUAvrLaw600.pkg	236
Bejeweled 2	PSP	EU	http://zeusXXXXEP0017/NPEG00036_00/yiMm0Qs4lAe2OrsWQsgUy0DEiUUl6cT8OUqSKUUCJfqhMs3YDWy3SEmkJ3GWoVWK.pkg	57
Beta Bloc	PSP	EU	http://zeusXXXXEP0367/ULES00792_00/e5gM5HKSIw5NI0sEj5EHBFO9mGLWjHhk4fpItypVNPyl2qFhok7PMIMKSpKXEjpi2LgFjfxlEV0mvI239Sbb0q10H1f3jsyr5NtXB.pkg	44
Black Rock Shooter: The Game	PSP	EU	http://zeusXXXXEP1063/NPEH00138_00/LkItGxbKSVtvDSQMRSpMnsfTpJGOWKPzmANLdTnAPgGsANNFBuUOrosovXFvyFwf.pkg	1058
BlazBlue: Continuum Shift II	PSP	EU	http://zeusXXXXEP4293/ULES01526_00/CJwBLtDPRThKNAhDnxdGeSnyYgfkajSSUUqRZYeNlPRTMlEECwjvrolUrfDrEdNo.pkg	1257
Blazing Souls Accelate	PSP	EU	http://zeusXXXXEP4034/NPEH00132_00/ZDtYPJUZgWeQHSQNLvOQkmzxjohzTDygLEvnxxIYfZnjpjhRsbdHxLUvYikEAjhA.pkg	431
Block Cascade Fusion	PSP	EU	http://zeusXXXXEP4112/NPEH00062_00/keTF1h2WSRr8fkveTqEDHs7ciLBAkbfIoVpa2NRb8LiG6mj6DLagwjqERoJbxc0CCKs3lWppWdkPEka7K7rYHSxpSSOLS5KBHVP7S.pkg	14
Blood Bowl	PSP	EU	http://zeusXXXXEP4133/ULES01230_00/wlX4Xy03KJ5SYqd35AJbvdOwKGgaL1nSOSHeAYxqCHJ9VsnAGoEAOiSOkEhI8WXmN8Vnohpstv4JToo3bvW42aLhToOmJifiNqEkb.pkg	81
Brain Challenge	PSP	EU	http://zeusXXXXEP2006/NPEH00003_00/AB25Lc7FIArMUGksbJuBxnxmEXOVhNh9EpWkSYiQpJG34EnAORr8O3Y0FN9lTKu0D75ikcO1IuyCky4vg3x12BgQRUnlLyJ9HQv1T.pkg	46
Brandish: The Dark Revenant	PSP	EU	http://zeusXXXXEP1023/NPEH00165_00/EP1023-NPEH00165_00-BRANDISHDARKREVN_bg_1_c7c4a094b79a68a1630974bf528522c5cf95016f.pkg	246
Breath of Fire III	PSP	EU	http://zeusXXXXEP0102/ULES00193_00/fTyiKhqIKUqHl36MxHLT8UceiM4f9i3GPLWuiHJFtSp70quovDQj8gqPYQG8n2q8samBF9WVNHWJwIBxglqmuSwrYk7X4kmt5OpgE.pkg	148
Burnout Dominator	PSP	EU	http://zeusXXXXEP0006/ULES00703_00/mxqtNh3uAiv2Bb7T4whaXk2AD0lFLIi7KoSd9HY617wDOCP4BnuQr3SwgUnbneLG4C74pFfwFKoKkBeXpKn1j9B6aeyTksK6q3CsE.pkg	462
Burnout Legends	PSP	EU	http://zeusXXXXEP0006/ULES00125_00/CFTG6JvWvbNJ4kpMTBNFrBstQAQTA445n8ogoQ5DEEYWW5EYIqyw8vNjVTeR1UO6J9xfIsQr7YYNSB3drIleJSax6701DreLgt4xb.pkg	243
Buzz Quiz World	PSP	EU	http://zeusXXXXEP9000/UCES01290_00/iYAELmvC3es1qf4yHbkcUkb82mrEAWBpRhKvTspMJKwh4Mvqe2h60jofrqH93mw5X8LDYwKleCW1BiWEtS2iYEO93m62gxHY6xU71.pkg	1161
Buzz! Brain of the World	PSP	EU	http://zeusXXXXEP9000/UCES01201_00/RncgXvQCC78N3sYDcwgXOcWQ8eM3XxnC58WPKnHTIuEOWb1536vvAaISWY85cDKfh2WvinCooxYnHbaiKM23ABvrtxpCWBCGtPsWD.pkg	989
Buzz! Deutschlands Superquiz	PSP	EU	http://zeusXXXXEP9000/UCES01199_00/Du5HF5x1AjxyhRqjocyt0LlKw83iKqmwu8jQsOGw0Bef9ON5w3u3BKFXDttE6tacDmMm7j3yRHotyE8IaGogMhBA0cmGbvuIbOjb3.pkg	472
Buzz! Quiz World	PSP	EU	http://zeusXXXXEP9000/UCES01296_00/wRy5oRW9UeB3PVcYrwFQo1BBvE93sgTh4ntKRYIEAxN9YLSG0cCvBcuiX3haI6p5hfdm9R2IdcrOk2DXAG9gQPvGgJvQa40po9KAR.pkg	952
Buzz! Quiz World	PSP	EU	http://zeusXXXXEP9000/UCES01293_00/JgtGTIkySNB4NLnV2mwPMF1m8CjPWYLdYkTTSimwPAYNTPjn9AklNBurkFQP3xuuI13vyRtdUgT15c1c47hOmwf1EqUmX3DP5SJhK.pkg	1052
Buzz! The Ultimate Music Quiz	PSP	EU	http://zeusXXXXEP9000/UCES01485_00/bICRxPqxgRuTxfSCYZtEGCQmfpiJvluuKayoplImmtUpHJSTSmayTPzvXhnEpCDI.pkg	402
Buzz! The Ultimate Music Quiz	PSP	EU	http://zeusXXXXEP9000/UCES01449_00/gFvOYgrYcSNPsHiQmpnGSseaEQOigXFqmgTJsyeAoyEbMkSjCBChNqqqXJrlEWen.pkg	609
Capcom Classics Collection Reloaded	PSP	EU	http://zeusXXXXEP0102/ULES00377_00/22KgAH5acfFkPl5cxSFBYjOn13A66Ck6LGxmXePrlLY2yKvbwEWOjVSyKJwCKQ49VSke3GM23fYtISofdG1bnWB0DafMkfWbSxnPE.pkg	334
Capcom Classics Collection Remixed	PSP	EU	http://zeusXXXXEP0102/ULES00347_00/2uR28ufIKVsCkxFhgAxPn3qvjHdP0aeKDtHtUcS21O2uS0UwGP4phiSLn66DuLA1AxXsUS41pRxXtcpjsaB34MVtIClqPxWBayATF.pkg	485
Capcom Puzzle World	PSP	EU	http://zeusXXXXEP0102/ULES00647_00/HIW5kqvDwRlU5v8QbXh8cF1SvM7qEkigwN8PEi32EB69vkWY5m0GIgLFJDrD57Olh3fgk0GxLydPtX8oAtU9V3gfeueXt2N9vqEHd.pkg	262
Carnage Heart EXA	PSP	EU	http://zeusXXXXEP1014/NPEH00154_00/mqvYVikeTvQKZxKLkYRnZnjXoivkjzhaWDPLAopWsvJFUJVEmpifVVogqenHBoNo.pkg	490
Cars	PSP	EU	http://zeusXXXXEP1006/ULES00319_00/RvlXYQtQSfaDFhukMeoOVWxRziHGxnfUuGyUGLZqxTpxFdHnXMPIsPDDxCfwXMZz.pkg	258
Cars (German only)	PSP	EU	http://zeusXXXXEP1006/ULES00323_00/QDzGDxacaVmUGLlCaUKXjGZwBfZAyzGkkdIsPUCdvNLPDGpqyMlBeyrKerIJJwfi.pkg	215
Cars O Rama	PSP	EU	http://zeusXXXXEP1006/ULES01333_00/BESnRAkrbsEGnIgoDcSwdUGMtwqqLuLVfICtLJSzcyGBfmWaOqcmJsEBnBzQQqQs.pkg	241
Castle Rustle	PSP	EU	http://zeusXXXXEP4155/NPEH00066_00/mEkAEmVUlcjtZwgRYjgIlyIMEdtLNitZCAchoPpzVaVAIpQtLvezJKrQiqJoVoSI.pkg	83
Castlevania: Symphony of the Night	PSP	EU	http://zeusXXXXEP0101/NPEF00051_00/yuvtcxeQZDGBfkajFFjGxZozBjcZqSwKlyGTOnPpAirNoNOVofoeCEDkbYrGeIcn.pkg	348
Castlevania: The Dracula X Chronicles	PSP	EU	http://zeusXXXXEP0101/ULES00841_00/yylVlLNSoSMBhhZpgTfhrmlKtspBINrpbrDcACXAnnyFywyvmxgTtcAAGciibWjo.pkg	735
Championship Manager 2006	PSP	EU	http://zeusXXXXEP0776/ULES00330_00/Ih1n7KpcfBI9AgU9iiA7mUtoba3SLTH9jB2el7E1rNRS1yHveJljPaFvIw6mnvGUiuL0CrOvFV1XSJcjykbLSOl8Igb7bAbEvUO64.pkg	145
Chessmaster: The Art of Learning	PSP	EU	http://zeusXXXXEP0001/ULES01013_00/WDC7Uo7tSWPPLyDh1klmItTC6eiMPQ9NIfCX9Iw4TKjgPRRvT3tmR1Bq3E8n5aNatX8SpVxE4vCsNeIuQ1wnKGVPAUG9A2BwKDlX0.pkg	118
Cladun x2	PSP	EU	http://zeusXXXXEP1063/NPEH00121_00/SzRKMmciDCCakuyUItkOGnxWmfzeVzjWdNgEaWsEoFTWKymknmRDtkMNJOfivCgM.pkg	328
Colin McRae Rally 2005 Plus	PSP	EU	http://zeusXXXXEP4001/ULES00111_00/I61qR5p2yWtM0F5oWgQD7jjpjxKuJ46qLSs44SWhEy87qsOq5dgncfMrQ03oG4YaaOVXFNRJIE0fGRbBy4RGIJMo0XlGedQ8kfmx0.pkg	775
Corpse Party	PSP	EU	http://zeusXXXXEP1023/NPEH00130_00/zJwFuvmJKTnDgobzwQPbWIwmIPmdWkSPKlJJhNzNzgTEeBoDPpjrApZpskISmMEd.pkg	555
Corpse Party: Book of Shadows	PSP	EU	http://zeusXXXXEP1023/NPEH00143_00/PhJTVknDWRjlDcSfJxybSRqfhoVRNEfYWyETvJdhqMgNawCYStDmVaNWXJrQYWpV.pkg	1112
Crazy Taxi: Fare Wars	PSP	EU	http://zeusXXXXEP0177/ULES00811_00/qL95hCQQvyNQVgXPsaN7yBmpCHD4UHBMmuAW5iQdf3HMInMWxYhmlcTlYPo8KcaboK7UrvqBKW5GLptx7AIGcAoMLKcNH5FbRSW82.pkg	318
Crush	PSP	EU	http://zeusXXXXEP0177/ULES00765_00/X0ISnr4jk5EkXrAYf8MiApHvUHpQdAxuxlGwJhbQlV6BY4NmJTQqn2qPWo0ANLMhSydYNFTnhLyuLi708KjyxEn893llKsNMH1MnE.pkg	721
Crystal Defenders	PSP	EU	http://zeusXXXXEP0082/NPEH00017_00/TmulAHyQJfWRsefhD3krOLl5KpjUFFyL3HSIoPwf4dNNqocUuYFMdLRUjBGwSreATPNVyNAdDJAqKDt2cX8Idk9chsXn8nMAPCW8o.pkg	13
Crystal Mines	PSP	EU	http://zeusXXXXEP4116/NPEH00100_00/eXsfHsLjjVCIFBukDxMvhahiqcxIoOGdnCLBAYrnndvZzIiQBEazhPRivLzUjuOh.pkg	67
Cube	PSP	EU	http://zeusXXXXEP0367/ULES00722_00/Kna2ubMQ9MrilJfFv7rWoGi02uHPjJX7Y2YKoUva4DB0Vd1y25S8WkyjFOhmaedYhs7RxmnGaYD0kOXdsvJGGIr3TOedfgBHTyAsM.pkg	228
Darkstalkers Chronicle	PSP	EU	http://zeusXXXXEP0102/ULES00016_00/a5U2nnWq5XICSfFEifg36Hr3xBsYstWLNErGbmCgs2qWMUwF1phXOfLIPf5s3e0y9aNviiQS5b7fK4u68ltVfBxs6KEpAdCWUVo6r.pkg	520
Daxter	PSP	EU	http://zeusXXXXEP9000/NPEG00025_00/e5YA0TisrEv9hUU5igaMdgIO1n2iQXyD2MyVNPUobGKKSVSi8xEIi8Bbd8kKkBl27NdBXOsixWNu4CEOq12bFwkvswph74W4rh8Ua.pkg	1061
Daxter	PSP	EU	http://zeusXXXXEP9000/NPEG00025_00/JJ0eaBtYb9Np3rMHhxgvek1QB0OUaBwknvBi76dyg0VT1GR1H2CId7nWsNRL2pNYFSFdMDceKvLSmvnGfKpItanSpCTXWwOkhO3Rv.pkg	1084
Dead Head Fred	PSP	EU	http://zeusXXXXEP0367/ULES00902_00/aDIEGyvtKKaiLcW5UfkHTRDyMGIuMMdFUFUPMPrwJb19LgsVgXS9mA9sSrjNsvfNi4OuU6oQDbQgOMqpYvAKxqaEKsnVSHmmOHn2n.pkg	802
DEAD OR ALIVE Paradise	PSP	EU	http://zeusXXXXEP4108/NPEH00038_00/VIxJjnCEEqi0afVued4251rIcnBolXDy5EsDtgpYnH0gwen0ab8VxcAjh87MkpLhBNNxYRoFAWohkeOh4NsHUliFXmYwf7EOC3oaf.pkg	572
Disgaea 2: Dark Hero Days	PSP	EU	http://zeusXXXXEP1063/ULES01392_00/A1SJfW4R4XgiVL3N6wxiJflq5AQGsevAwwnGqLEIaXqwMvBqaD5QWlkt6caJAP2VfbFdpORkuond2IgygGPfinkyhFlRy8BOBegQ6.pkg	508
Disgaea Infinite	PSP	EU	http://zeusXXXXEP1063/NPEH00085_00/sZbsziiNLfyrBZkyvutlEZmhbPGOhtxpscLsUPELsGHZrioUEPJCoCvYDkIqEDRN.pkg	156
Disgaea: Afternoon of Darkness	PSP	EU	http://zeusXXXXEP0106/ULES00999_00/rP91bQmydYmaOMp4NpiiMYY38EYSEl89jB1Nk9xTdMQx0bMA6itkcU5r3Wc1uqgn0X8TpNeAHNBpb5wUEMyFwluwjwrsaSPBttVM2.pkg	452
Dissidia Duodecim (012) Final Fantasy	PSP	EU	http://zeusXXXXEP0082/ULES01505_00/hQhrFtNxfnwSRDuYLGFZYfmkwZTOUFJrVParsIkzKzKAnjPYfyxiWlaUuzEWjZOt.pkg	1200
Dissidia Duodecim (012) Prologus Final Fantasy (French)	PSP	EU	http://zeusXXXXEP0082/NPEH00108_00/cPytuhdFShNDSRceyXkXPhquPiDJURDkumutzoudPeIOHCXQosBkShvabHthsslp.pkg	240
Dissidia Final Fantasy	PSP	EU	http://zeusXXXXEP0082/ULES01270_00/JoeM6Ko6gAoXL5xAqTTIRtrRaT4BuX5qs6KgqTrTStQbG6W7mwI2hGW1NcJfauyJoEgjc4ucYUgelAqtWXXGCAh8f5pJeBik0BmUW.pkg	1261
DJ Max Fever	PSP	EU	http://zeusXXXXEP2011/NPEH00030_00/9pgRw6CHQgrWjELHpxSR3UQq8SkN4hwVgMgCvXD3P1PI6yul2L5cIbtEA2JGamCNMUbqPeE8TTgpMIRJ02jEbx5FjwFgw2gy6guCw.pkg	1409
Dragoneer's Aria	PSP	EU	http://zeusXXXXEP0106/ULES01004_00/Mmp4gYSP9S5wBV91v2rvFrWwWn4Vfex5PsFWhNaI8HSHOGeHpdT2N7DBukOO94mCts1edGjHBWHD6lf40QU30rxXYuSWrj9062T19.pkg	271
Dragon's Lair	PSP	EU	http://zeusXXXXEP2043/NPEH00122_00/qGyVbvVbgWhoWbbCvYsbJWvEpSszzqQUcCwNOXeYwKFsoOOYOloPBJVXiIztCKTc.pkg	242
Driver 76	PSP	EU	http://zeusXXXXEP0001/ULES00740_00/c7lYMTrM7NwsJAtxBg5xxaFjuBJL8TvfuNHACOMvHIvIkpMXvdqnpRBgwcXunD8aHhxGpiB8RDpUc0dIOnffv7rXXoO7g98NqJP2L.pkg	860
Dynasty Warriors	PSP	EU	http://zeusXXXXEP0106/ULES00026_00/dpfBTfOCHtcfTSVi6Vbbd6BViQLXChARss77RlD7gpArcIqphrYIYbcCLnbKubX9q5N8rnTyqij6iL7GRi3x2OjPTDyECstyJq2l6.pkg	117
Dynasty Warriors Vol2	PSP	EU	http://zeusXXXXEP0106/NPEH00014_00/JAsRiJ0nSNdCrieTVlDNu3mSQ0Mj0uk3fhgIrDNpsyAXlyaX2Ij3L09T6qXoiiW2xqa8CHtCQhIAukuOTU4KqNwDf3mUNeQHluk8I.pkg	159
DYNASTY WARRIORS: Strikeforce	PSP	EU	http://zeusXXXXEP0106/ULES01221_00/oo0F9m1uWvQPu5NRXUBrfaDYxK7RmuUnUpb5p20TqD8UYk0n6IhJkp2GFLh91jWLmMOQ8IGJenkQqVSeeGNJ1Ke3YoVweimUxeqiN.pkg	997
EA Replay	PSP	EU	http://zeusXXXXEP0006/ULES00592_00/7e3BlNEiPJneBtmsQSrSnBvxGBDgmlqdcMU0VHUBSKAXgLtFQY0TV7NBJqRqsWO8kXsQHfDcPXd5O6EFdaJk09AuWNDMES2BUOcoN.pkg	75
echochrome	PSP	EU	http://zeusXXXXEP9000/UCES01011_00/mEENuKYI3JLTdeciaBYWnfykQkFvX739sH4Qc9ii3Fh1k351Jyo1ir2BNXFNjQTIGJKTpDdGh2YJLv9jQ018i5pbWflDMwVwvqrLx.pkg	81
echochrome micro	PSP	EU	http://zeusXXXXEP9000/NPEG00006_00/np88Twv5DvCxEAgoSPDTp4f53T15jlB1kBimcliFYGNEYiv7w6V3n8Hsnk6sOexouoCcIuMs6HxaNQbVthk7oirMvwK0uwTkaWJae.pkg	52
echochrome micro expansion (standalone)	PSP	EU	http://zeusXXXXEP9000/NPEG00006_00/CYj0AUqXYpLxMReeagKnBm0BL3UUc7Ule6RvJQrsWVxwUidOU86MflsX0NTE24tbX3fbe26lTmjAwe8ntFi6q4lJGerOTXtqWwhr9.pkg	52
echoshift	PSP	EU	http://zeusXXXXEP9000/UCES01313_00/429ilOCVeMdIh6xLy8SYrfcYvNqoYf4KN8dReN0I26HPWAWsCmNiuQSOu5o3iGJkNoWm8cAuVeG2o6S2bqNmRHMrVGtql2tRy9niK.pkg	169
Elminage Original	PSP	EU	http://zeusXXXXEP4015/NPEH00155_00/KRfQVinrMPllygPXZwxzyOZkukIzUOFrDgygEFtqbwACUjfojQzfnjszXgVJLFeq.pkg	149
End of Serenity	PSP	EU	http://zeusXXXXEP1014/NPEH00164_00/bxyvtBEdhXhxMJYstdgOHbAKQvKETaTSjMCovbHlKaEbhvGfaKDyfTLkZPKkEllU.pkg	29
Everybody's Golf	PSP	EU	http://zeusXXXXEP9000/UCES00012_00/XfKamkfvAo9LHoujiQd4MEKuNn5j4jTxWM96xSEP7RV5Thks7mUUuSWs0U8iPfrqX25ITs13OnOqW6653J32mtqkMetDkwqlgBbJ6.pkg	553
Everybody's Stress Buster (Blue Pack)	PSP	EU	http://zeusXXXXEP9000/NPEG00047_00/ICaSUPbGNbXPgUucmsFWigixxaOwSyqYZqqcmTAEbDHwIIbovFmHYchMPXAjUyhI.pkg	51
Everybody's Stress Buster (Green Pack)	PSP	EU	http://zeusXXXXEP9000/NPEG00046_00/PfgBLKFMnALsehJICMsynTtfHWqUdCrCyzRouunahIzkXAujJnUNOEHOLGFCmRfX.pkg	60
Everybody's Stress Buster (Red Pack)	PSP	EU	http://zeusXXXXEP9000/NPEG00048_00/HgELmatphbrCluMdmbluovYGwYegYUdfslHZKdBNKyklHsgzlMzLqBEaUdgUfDZW.pkg	88
Everybody's Stress Buster (Yellow Pack)	PSP	EU	http://zeusXXXXEP9000/NPEG00049_00/iNJJPIueYBotOYiLdEADppbHfwhtZrnpyGEJclVhiRMtEYAfVyffbBavgMJprZdm.pkg	51
Everybody's Tennis	PSP	EU	http://zeusXXXXEP9000/UCES01420_00/qAlsHArHjejUpRIsILygbiIjJtoiomS32bsKPXnbsfwsa0v5hUku07p7emR6vl9NmneUTa9Oe1ULg1HMbi0uHKhvILObMmaNr3GPD.pkg	1197
Exit 2	PSP	EU	http://zeusXXXXEP0082/NPEH00126_00/ExSaMpgizAcdjCVmZYXOgvvpvYuMEfauPdfelQRHjMKdmNFrNwHxGzAwsyhhyAaM.pkg	67
Extreme Pinball	PSP	EU	http://zeusXXXXEP0006/NPEF00068_00/3sE4F8Tg3kOFfsobRrF1VMUf7hAfYDeDX62mguUM5WEb83auLcpwXcEQQNWP4Jrjfu52tydMworI7oWAivXaxGeT87RTfxqyov6jj.pkg	23
Fading Shadows	PSP	EU	http://zeusXXXXEP4069/ULES00858_00/3UOa4blk7FYIXyB6JnmsE0HiwLkK6rDDB8ehTYB5jYGaJr7Jr4ebNvswtgnvvEt2WkwqiUOD7klOdOXHEF4W69nKJWkTtTkMTglgD.pkg	151
Fat Princess: Fistful of Cake	PSP	EU	http://zeusXXXXEP9000/UCES01312_00/lkcHJcoBgaVAcDy3AJUBc41XIOwiYVjveR3rLhPxXViCiuPgg9CJdqIvwPvEamAnj2MguWRnrXPkfNG3TUXye9WkAk7xwBm10IYWR.pkg	277
Fate/EXTRA	PSP	EU	http://zeusXXXXEP4015/ULES01561_00/DxyiDAQwtbmVjPLqsddortgaSBzBzziAsmGsKHmigtzUTeBzpjrpGEobYoYXztxE.pkg	1116
Fate/Unlimited Codes	PSP	EU	http://zeusXXXXEP0102/NPEH00007_00/qocKlLdl204G2ejTL0wrOWG84Lj4HA9FDsUlU6yJjEVpiaySQiH74gXXnB5WGI8thWwCnGab2DBX6nOGKClv8f5NIv1B46CKt4nv3.pkg	593
FIFA 09	PSP	EU	http://zeusXXXXEP0006/ULES01135_00/9YAVQaYHI1QBTYO35IRJEcvwtcWX5qHVa3T3F1dqjhvHbfPp4FEQIx4oxxMiSDNAWp8MKKFdyEaO74KsLne5gvNRLmihQIWVXpjdT.pkg	863
FIFA 10 (Russian)	PSP	EU	http://zeusXXXXEP0006/ULES01329_00/rbAS00B19Q9sPqyQbHpwv1TmTOdHnxua2yVDGoc86jSe9SGTJhcm3hgNgggLJ0oBoBLravT6YnVOqT0JCpgDrKdKM1loCugHtjYMu.pkg	1192
Fight Night Round 3	PSP	EU	http://zeusXXXXEP0006/ULES00270_00/p0hpGAxKPU3s8WBbKpJORNhjmaRXCWeuet4xtXwImNeEaXgxHIv4nf9wKJHhSGjcraciRJIey8y9MeLh88AJqL81v6gV3L13NY20F.pkg	697
Final Fantasy	PSP	EU	http://zeusXXXXEP0082/ULES00986_00/rQXoBiNoNbiTglntEOLgXgVDoEBYaCCNdsCcUGhWJYFmcvHLLnrepbBUxCiliLeR.pkg	116
Final Fantasy II	PSP	EU	http://zeusXXXXEP0082/ULES00987_00/MOHiObrCpLrNxHzXsFoZFqrOAHApJicNzFzpThwbVAuRaZfOUQwCEnDGpLXdegWS.pkg	206
Final Fantasy III	PSP	EU	http://zeusXXXXEP0082/NPEH00134_00/duqmitVqZPOoivsuoJlGOvsphsHIVkKpdYTsSQcQvQtiCaFSmjrNGLocbkEEDKtx.pkg	233
Final Fantasy IV: The Complete Collection	PSP	EU	http://zeusXXXXEP0082/ULES01521_00/KekQCeIDHKPGkxUQVkOhzYmyGQgniyZzuBXjxHYNFiZbklwTqkpkknpjQVHJoYrq.pkg	727
Final Fantasy Tactics: The War of the Lions	PSP	EU	http://zeusXXXXEP0082/ULES00850_00/pmdvzUkwPRsRovodsPsheqfMSeKeYSUvUypOiLOSaSsCCrVpFNlPnPgrNyZVZdLV.pkg	195
Flatout Head On Demo	PSP	EU	http://zeusXXXXEP4014/NPEH90002_00/OQ3k1AbOiegS0MahSaXf0qKae9LrOaButRVe4ETHpdfwK09BMc845SwrgDVrGhCWIBvR3PA4umHsL51yWxOC7xCDe6X02xVJVCAGT.pkg	56
FlatOut: Head On	PSP	EU	http://zeusXXXXEP4014/ULES00968_00/wGEibK3sf9q2cYAggRoqsjqxGpF7RJ0xV7kMWn7Gl7khY561MsJjQoxSjft4Nhktw2iLEH9RgHJMYMIYgDMlqRbr2Wn40P7gL5GJI.pkg	342
flOw	PSP	EU	http://zeusXXXXEP9000/NPEG00003_00/Ll5SmGV7FOQgwtLgGRSrhpSVlTqIAmucyKtVXTMCKYf9X27hayon5uPrrqPPaxGd7oXjtBl3G4fnr8WBDJpBOBMNily00og5KP9pr.pkg	89
FOOTBALL MANAGER HANDHELD 2013	PSP	EU	http://zeusXXXXEP0177/ULES01582_00/xKKdVgshgCyGynVpZsdBvVNFeBUFeWjLBgYwxdvIRwjvZoKKvIzyelbufBYppOPD.pkg	35
Generation Of Chaos	PSP	EU	http://zeusXXXXEP4061/ULES00820_00/7m5PlKid7ftLvLjsHdaIJvIRFUWMbF2u0jpgaKf5ALEvttvHLhOpxHiXA89ViqMNnbfSWiQUrdSOSI242impEXU7XkvYoSt1aNhyC.pkg	644
Generation of Chaos: Pandora's Reflection	PSP	EU	http://zeusXXXXEP1063/NPEH00139_00/OFVHQOjOyALbidjRSSjfsXdGnAaOrNYvwnmvBcodTHjpLCUPPIbruAmpaNoctlXS.pkg	366
Gensan	PSP	EU	http://zeusXXXXEP0024/NPEH00119_00/yplDCRUhvlvbwVAfmvKmjXfjAMzVcySVtVIQQDEoLIcrDPPizJYEjQrqcosCCwyR.pkg	298
Geronimo Stilton: Return to the Kingdom of Fantasy	PSP	EU	http://zeusXXXXEP9000/UCES01563_00/pMJELayhqWXaMmNrmPaeoAYqbHtVuVrwoIKsNmULIUDAYcAeozEmiZUaUVdKHxgn.pkg	764
G-Force	PSP	EU	http://zeusXXXXEP1006/ULES01238_00/X2Eckog0ajsDIhy1DV1uRwPTHtriBy92UgphP8oNCrC12B73i1q08xk578xpG56rYab7TRixnnpWQ662Aj2yRtYquy5HvUo8HSvXS.pkg	934
Gladiator Begins	PSP	EU	http://zeusXXXXEP4293/ULES01515_00/CkLURTOYlqwNnsNFUeaXKtQhTeveEfrdpCrtMbcWctCFWqeyWRDghBabuuwJENbT.pkg	346
Go! Puzzle	PSP	EU	http://zeusXXXXEP9000/NPEG00002_00/sDlyUnO5B7t7O9hRnOaXmLI1Vl8gmU2Q89omsJn5LRwXj22fMYE0Uvikt4HJcJTvEPnYVm1E6jxCqKEq5vCXKk7KbsmcNqNY3862U.pkg	44
Go! Sudoku	PSP	EU	http://zeusXXXXEP9000/UCES00152_00/6l524PkS92LMd0c42nSdJr7S1GB58JkVPSlNpVBhuVNppoOEvVGQk40moEKxHMI5dxAs2jF5ql80H7soKhTOqFHDM7l6UngQilbke.pkg	231
God of War(R): Ghost of Sparta	PSP	EU	http://zeusXXXXEP9000/NPEG00045_00/mfRC92us7AR8keb8iS5k4bhei3GExVJ3QxELdJdGvD6qR7f1xNDq12NHxSSifw27.pkg	1024
God of War: Chains of Olympus	PSP	EU	http://zeusXXXXEP9000/NPEG00023_00/gxhYDlvmFgFPDsHiNV6j1iLm6Us0BWX1DnGUeJkqg8d3QaWlLTucfCSYTsXK2YDSRBHXf8iR2LwAhppFHIxv207nQyg6RCMNHEEfw.pkg	1121
God of War: Ghost of Sparta	PSP	EU	http://zeusXXXXEP9000/NPEG00044_00/AtzjpcYgGgmCYOhvWTETUAsYrERYCOfVjQluoCJWJsKxclmiWVKjzGbsduqRBZEm.pkg	1144
Gods Eater: Burst	PSP	EU	http://zeusXXXXEP0700/ULES01519_00/XSYJAVmCnvaLhGPumESpctCpjITmEGyfYftJvgKGbazQASCSFAqBnZysiiXsEtJX.pkg	978
Gottlieb Pinball Classics	PSP	EU	http://zeusXXXXEP4037/ULES00213_00/2Nb3f1fe8lUFf11EpQleAu2MqdBQwTkLxRkkxRvCkJuS1j48pO1JP5klG46Y46lQM8ihjxl5Jup7YmDvMUF6lHlgvecxktNwbnXf9.pkg	200
Grand Theft Auto: Chinatown Wars	PSP	EU	http://zeusXXXXEP1004/ULES01347_00/GiaNp1KcGmy1PJ95Vdcplet9eOEb17mnSjDMte7DBQFE6tBNaePQ5Liqig652ohXDg9rDeOo9l6WuJp1Y1UnVmdPNGlny7Uo3HOVL.pkg	528
Grand Theft Auto: Liberty City Stories	PSP	EU	http://zeusXXXXEP1004/ULES00151_00/4LwC7i54EjUcuuqEShXh94glfmOBKCHS54fEVFeDD0l3mw871ejnrxlLIsKDSjPjCuDW5rAAHleg9946rkXyxYrdCFQwLK2QyARPC.pkg	1163
Grand Theft Auto: Vice City Stories	PSP	EU	http://zeusXXXXEP1004/ULES00502_00/6QyuPSvtet6q8kxYlM26RbAG2YBqy7XXTg3e2HHt7O1YjShPFuV5XsHj2APHyRoRDXXEH7lhJWiKCMjTQ84oIVE1SRv54Cckj7PCy.pkg	1584
Grandia	PSP	EU	http://zeusXXXXEP0184/NPEF00124_00/dFckn1rUs6fpe7tTXdYSKpIoesCK4h1xGxyHg5YOlQOiC2i2GySIwlD0beIaRLPU.pkg	838
Gravity Crash Portable	PSP	EU	http://zeusXXXXEP9000/NPEG00020_00/tBS3OQojkph8riIdnirLokey79HVW4uvA3qbKA1dYjL0XIdbT6YHkU1u5gILr2tnwBKLPcRQJ7pDhcTh4KUXfuFT2bGm0tc21mcFA.pkg	46
Groovin' Blocks	PSP	EU	http://zeusXXXXEP0017/NPEG00029_00/RN2ipmLpEOGLILdjwdHSkAGQyS8jLhBLriyBB8Luo4AYaxGCQfMN79TblmN5gSwm.pkg	44
Growlanser Wayfarer of Time	PSP	EU	http://zeusXXXXEP0005/NPEH00137_00/UsElMTUXXYRNMuUkhGZDmyoSTFXvqdoNrvOPoRHiaUjBKpCBeKtSRIYaFIwVsuXw.pkg	919
GTI Club: Supermini Festa!	PSP	EU	http://zeusXXXXEP0101/NPEH00073_00/mk8a7ddqRT00QyJTeffB8qF4a1VsKSKXXy1GpiTlEvT0l9yLTRd64T685smnqBAH.pkg	179
Guilty Gear (ENG)	PSP	EU	http://zeusXXXXEP4037/NPEF00060_00/dTbW345KFbHe20tx7JgfAXwPBcU3CTFitUGONN1F1nKUqKxnMjkjpXspahcN7IT0Tb3vLWuuaJ8v68KTdwqxp59J4OEIdLC9RvGdJ.pkg	186
Gungnir	PSP	EU	http://zeusXXXXEP0005/NPEH00135_00/skGwFfpBdNzfxHAfPxoJqJyctSIDQHiumvFmJBhboDgKbGZOVBUsBjxNkFcAYoaN.pkg	143
Half-Minute Hero	PSP	EU	http://zeusXXXXEP4034/ULES01359_00/arlCjAdejr02UAbBTy1ykp3kW9KJW251cnGsgwxjWADSxVRL0o2c6I1fWDkwvVpsb6o6606aw4Fafk3RXrgxxg9KVPwtLvEYGI2Vw.pkg	101
Hannah Montana: Rock Out the Show	PSP	EU	http://zeusXXXXEP1006/ULES01303_00/7P8Qhj1bs2UifCuBEwxPQ4Bs93yIdtehhiU4qqETyHXYLYevqg5IFLnOMQ4VvLcnH5NMcRhFx9r3cuKHR696wMVWhOufuTgnmm3DI.pkg	565
Harvest Moon: Hero of Leaf Valley	PSP	EU	http://zeusXXXXEP4034/ULES01489_00/eutHwexe0nSlUUnCQqitaXx6ay1KLsibBOgsu8oX0r5vEbfsCJks7OEB8WW6gEpk.pkg	114
Hoard	PSP	EU	http://zeusXXXXEP2046/NPEH00112_00/gAAKLSfiqfKOpzPfQVrkQfYcAKoLAVFjYeMahiZhXiJjwdUJwTZIhbsBbKLhQXgN.pkg	53
Holy Invasion of Privacy, Badman!	PSP	EU	http://zeusXXXXEP1063/NPEH90015_00/mQKEXbd7W7TphwQ5wl78QjUF1P2GWp8asGVnBDo91Cd153GP8B8sRIyjfSosVBowRlaBTO6HmFPhI0BpptrxFvbkQaT6I5Tos0jwN.pkg	54
IL-2 Sturmovik: Birds of Prey	PSP	EU	http://zeusXXXXEP4040/ULES01316_00/dWxAcYSBE63Ujhn20NchaNrfKNdSX3CCCT2tuaIlw2PtfrL4OgUCI1JKELU07HrUvy6R87jj4W8sXAnSLjEs2jL92m4HNXJJBYMDO.pkg	525
Impossible Mission	PSP	EU	http://zeusXXXXEP4037/ULES00764_00/CllAWdTUmymx6wUetGMdqpF6bW8Fdwt70fOQUwaIFgJFgukwJArscnNx0RkI7bvKiRK46B7EXyIWv8aHvpy3HlenQUFcHwF0bwlrx.pkg	75
Indiana Jones and the Staff of Kings	PSP	EU	http://zeusXXXXEP1010/ULES00939_00/gWMUSSu6GOTxL7dc27K8W5vTcIK2KhdbDATK28h9QmuGBWW0Ro6WmGg8euFLyWJMfGo0KAi4UiDn5rDg0CsPfJNH3mOLSBEqoIuh0.pkg	506
Innocent Life: A Futuristic Harvest Moon	PSP	EU	http://zeusXXXXEP4034/ULES00658_00/V2IS4x0vl1tJKSmCFR17f3Q6HYwTBc92bdp2Mh1OkPKCbLpGVp5pQBLA62beJxoQ8tyOIi84jMlbfjck5apNjQgB8ME0e3NCuIdCS.pkg	242
International Athletics	PSP	EU	http://zeusXXXXEP4015/ULES01090_00/RbaSX4OSEVPxdyAIn2r1WnMCMIJOewBK3fcCAMPgkKQDnByH5unEC5dPAqueoomQd7Atpdb0aoksaAdlBg1Ow1naC51L97YwfHrcc.pkg	29
Invizimals	PSP	EU	http://zeusXXXXEP9000/UCES01241_00/yNThKNQouriVPZmvMSFEawipZXsdIKzLTeliJfAjrXuFFDvpmdIRHISjtffXkZmw.pkg	1330
Invizimals Collectible Card Game: Hidden Challenges	PSP	EU	http://zeusXXXXEP9000/NPEG00055_00/IGWJKASztnnoJJpJEfsUkquBDDTLsEuhYkviwIKZFAqFNaRaeuqVrMHhPPYtOxkW.pkg	197
InviZimals: Shadow Zone	PSP	EU	http://zeusXXXXEP9000/UCES01411_00/YAGsqaKPpjeGgjROJDVOGlpvyNBiyhQlmEDUcWqpWPjkXaOjoSmqZqAqakujRtie.pkg	1589
InviZimals: The Lost Tribes	PSP	EU	http://zeusXXXXEP9000/UCES01525_00/iJMWbDmuwAOxJhkbEWImERiDTjmgcFjCXDSFVPCjWxJFuyuCNTnduMxIvftZREFd.pkg	1272
Jak & Daxter: The Lost Frontier	PSP	EU	http://zeusXXXXEP9000/UCES01225_00/09NN3NIeUL1P0DVvNnUxRuYRMIEX9cUlHBAPytBB9IfY7Mgjq0729d79lXEM1igkChm4HJSojLw709BV7qKxqTDrTvweSgV2lgT5S.pkg	1298
Jak and Daxter The Lost Frontier	PSP	EU	http://zeusXXXXEP9000/UCES01225_00/dA1nLmxEyTgMNE1vpt7Vr0p7houEEee4Jou0hXiucXBUnlM8RoSCKGePpcxFoBJA8I3qcXHbcuNLhAoPw14Y0SYOHpp5gOlN5k9oJ.pkg	1286
James Cameron's Avatar: The Game	PSP	EU	http://zeusXXXXEP0001/NPEH00031_00/hptTm78NqiscnYu4yYaiXRt4aUv9T8X9ihVmhnY61FQxqL83PwGiHyu3R9tVHVLyIDQVf42DQTapgM4Rehdfpfq8yp1qVO68WD39g.pkg	564
James Pond 2 Codename Robocod	PSP	EU	http://zeusXXXXEP4037/NPEF00056_00/lN9JhxDcaEJXAKPXveVJgkSndgDQo208GmyvopThK8QL5n2F2OaM5Xnta5hkWjN3BnQKyeUWCOqhRoxbS7Ul6aNX6ESCUOlm9yBL7.pkg	64
Jungle Party	PSP	EU	http://zeusXXXXEP9000/NPEG00050_00/OzFEbnSmPupLppKqFfbZFiMBOXMwWQkKEMVUZVbFDlkymMvdDRcpLzshWbzGGqZL.pkg	381
Key of Heaven	PSP	EU	http://zeusXXXXEP9000/UCES00178_00/RWJPIyBFqoqJFoK5UakTP8i3mdWVpAfjhQPk1vv99I5CuMuJOhpmwYIVTm50bGQCXIDF8DFGnE2jRAU0rIpIKBQaeGi01pUaf62v4.pkg	1078
Killzone: Liberation	PSP	EU	http://zeusXXXXEP9000/NPEG00007_00/js6PhOrOU1SteEA6vwSdvxawTLp7QvJ2hxlcHPPDp1I0I60gkavqQAaQpBtfEpe56EGcKSXuTAQVtRF65BwlasEHfgjNa5p40yKnF.pkg	545
King Kong	PSP	EU	http://zeusXXXXEP0001/ULES00225_00/FxVeMXsodHAwHBgJCtqOmtGdrtsfTawUkkLlwHCPQGxCjlEiRojaGCFxuXEOaYvU.pkg	487
King Of Pool	PSP	EU	http://zeusXXXXEP4069/ULES01164_00/tcpRdqPsElni0tG6danoptniVkqeUFcMboV4yCuykpoD5KjWKwnD8GnNDqeQ2x0Wm0MOSgBhrKcxSCF58F7EXhPAQiJeD8bJlYxYo.pkg	42
Kurulin Fusion	PSP	EU	http://zeusXXXXEP0094/NPEH00033_00/0YINPPK2PiwG1STtbCfSxNGPAo96O9u8IHUXw0uq1uaXy9H3pLssgdrBxBGSwwbssdQQfeD0eqkprNoduFWhjNoouItbCfcugwC1p.pkg	21
Legend of Heroes:Trails in Sky SC (1)	PSP	EU	http://zeusXXXXEP1023/NPEH00166_00/EP1023-NPEH00166_00-SORANOKISEKISC01_bg_1_c7be925c775f556634f41789651097118aef6e1f.pkg	1120
Legend of Heroes:Trails in Sky SC (2)	PSP	EU	http://zeusXXXXEP1023/NPEH00167_00/EP1023-NPEH00167_00-SORANOKISEKISC02_bg_1_b6c8f2b6b4c43e164fb7d800bfca6a2619e52912.pkg	1354
Legends of War: Patton's Campaign	PSP	EU	http://zeusXXXXEP4154/NPEH00078_00/5VcLolUDXEysALBdj38kqLgrlqW3VwmjE9nL4tijb8SH3j3fT9gkGT8CnIharrRO.pkg	404
LEGO Batman: The Videogame	PSP	EU	http://zeusXXXXEP1018/ULES01151_00/IFnjhISkaeb0ohkJ17bmr7wWLH09uqQpuvLK9eLnNiiSMarivTmWaA1Nf8hSMgwkp8fUYAQjYJc7hdvLeVKsVT7149QOsUUeIkMRD.pkg	555
LEGO Harry Potter: Years 5-7	PSP	EU	http://zeusXXXXEP1018/ULES01532_00/xsypQWXskVDmorPKRZISqIvDOJEreCATFqIHenAKDFaBjeYADMBNlZlAfSCeLAip.pkg	1287
LEGO Indiana Jones: The Original Adventures	PSP	EU	http://zeusXXXXEP1010/ULES01086_00/0YxLey0Y7scsO3cuSv0aloJvcfw1uSq96wptrJaENe10fYNwRVoXTvg5IPVJt1MAOHIbDe60rfQ9IA3m5tCKlEY6fMvJD9mMeak2R.pkg	631
LEGO Pirates of the Caribbean	PSP	EU	http://zeusXXXXEP1006/ULES01528_00/nmquANRVMwOQDlrkpaBMvOCLJObUExRoLrifgibwYCbUbexUvDuhjZlNYnJLlILa.pkg	1231
LEGO Star Wars III: The Clone Wars	PSP	EU	http://zeusXXXXEP1010/ULES01446_00/ysYtbjJDyOtcKINPVkLLNixQswgCAajkFXdKsRUPLGdEHqMYiPTahPKbEcNXfxNO.pkg	1483
LittleBigPlanet	PSP	EU	http://zeusXXXXEP9000/UCES01264_00/9jqP3W73wmbO8yOInwdFdYIp072YRAtlECY53yjHY3LyMLGgW7dbBCpHTk9SckxgUECbLsWQJnMkotLPDe3962jpHUIRdwPupjDqB.pkg	1338
LittleBigPlanet (Demo)	PSP	EU	http://zeusXXXXEP9000/NPEG90019_00/V662l44NW6qbNnOykd5GVp6lsIhMt1Hxh3R8ap52B1jS64PTidXgXOpi8I8FqSBHgyeIeUyuoGpSDJwDNmm54Y20rffe6rv0I20Jy.pkg	53
LocoRoco	PSP	EU	http://zeusXXXXEP9000/UCES00304_00/tyb5YrbRF2fUVC7PFfsXY7SkCbr931xmvVhC4FIW1WNS1Ll5qH0TtPOvMvYT0H6UIlEa9kEDTVICm5k3kJ0fIPOc82qc8R3k2nMQY.pkg	671
LocoRoco 2	PSP	EU	http://zeusXXXXEP9000/UCES01059_00/XE3PNN6eWUkWm7vNCX51riLsjyqhlC2Dqm1QY6ghEG2HKYxxG7ameSSflBjH9oerBSkYkUw6YjiiumAprGU7fbHM93h7rB3mv17hk.pkg	1588
LocoRoco Midnight Carnival (Game) [v1.00]	PSP	EU	http://zeusXXXXEP9000/NPEG00024_00/aiHgqCiQJHWsD92dNI7DOIRWAATXJd8rXc9yCLtY4YX11bRHfvvhVCcvWyIUhBECdun16LjqSLJBxGNhDNu7CC4fa3U7Hfxv8LC4b.pkg	186
LocoRoco Midnight Carnival Official Strategy Guide (Launcher)	PSP	EU	http://zeusXXXXEP9000/NPEG00041_00/l10GKxoG31cW3ETQCcFl4X37QMRuC8sHoQtUPm4GcjHKN3bYVKdV6ixyWoXwwjvObJSaWECwKbeSIyksg5CTuoOtAjunNh3RDCQRK.pkg	3
Lord of Arcana	PSP	EU	http://zeusXXXXEP0082/ULES01507_00/quQlwpgoIlZKNwfiJktQImhtDmjPGiOSqEcVsxFJTkodhcdKTBdKrJZxUTLxSWeQ.pkg	664
Lunar: Silver Star Harmony	PSP	EU	http://zeusXXXXEP0184/NPEH00076_00/tIVVKrMsHO2EDfYUfDaruambuGeHylbP6S92oJh08IQsmV2CKX9wKujYAF38HTFT.pkg	828
Major League Baseball 2K9	PSP	EU	http://zeusXXXXEP1001/NPEH00008_00/3Ki9xQHmlnfY09kkfltIHv0OAniBTjrdmYYIgbnVoQQb5IevXkOjjteohne6LHbemb7KliDsRA9oLNNuD3hHXyl6t1k5uwX4aFbDM.pkg	1431
Mana Khemia: Student Alliance	PSP	EU	http://zeusXXXXEP1063/ULES01215_00/l1HXk46XVSmoXmC258vEgbsdk2npwpx8UBd5hBGHuCltgSFG8kwP0aIW1Vh4iUXFMS8fe7V2a7ca2S7U4NfHb63UEeN1RB3Jvr9AO.pkg	529
Manhunt 2	PSP	EU	http://zeusXXXXEP1004/ULES00756_00/ls8RIrs56K9IHsqXPv3prx9sHjxyY4oWa2pU4y5YI2jDMG6PrMyl6NTIUHK0vIVwLpN0I62O9wLXiwIVxiEVYMiL3rhWH78k9KM28.pkg	1208
Medal of Honor Heroes 2	PSP	EU	http://zeusXXXXEP0006/ULES00955_00/pOsKW4dl1CIRdckUc4cwAXC3d33DFQGnKcAicyxHsLtN0knOiEnTJrK8ly6WxSXCWSSdkdFMu08qxx7pYiJyQr3Iym9RNwAgIfnCJ.pkg	368
MediEvil: Resurrection	PSP	EU	http://zeusXXXXEP9000/UCES00006_00/hGBjxoWODxLsfIS41HtoOvsUyBd5NqjY0UkGOakYreDEmc1MamcRBTuy3F16OiBQy97rXoLN9ientbEGcryAJrboaGrAE7dIjluS8.pkg	1368
Mega Man: Maverick Hunter X	PSP	EU	http://zeusXXXXEP0102/ULES00251_00/YrVa3bL9l5bwcwpb5xoKmodvwE2JfvcDnyWIGIIj0P6fsGkG627SdvwiNW1LuBTVE8qiY8UV6iqPRaukYkjuSHiNjNOVsrijOUyso.pkg	408
Mercury Meltdown	PSP	EU	http://zeusXXXXEP4002/ULES00466_00/uyAq6vt7hB7ytDiUagkLtnhFbJngcKiRG0BcaUU0QXhDyflnPiuakyqHKFeeYEX6wDiF9nF1FwtVlHkdoS7LbhmlgBctnqX0vse3o.pkg	377
Metal Gear Sold Digital Graphic Novel	PSP	EU	http://zeusXXXXEP0101/ULES00382_00/Ai3hDB4B3hpU5T5ckgoK3tjJof52BIa1isToKRp4KDQXrFyqxvtK5lmojrrTIitVrIldxEhPJUfr7O4UaHiGJ81dcRV1Jg6TmCKU2.pkg	1418
METAL GEAR SOLID SPECIAL MISSIONS (De)	PSP	EU	http://zeusXXXXEP0101/NPEF00302_00/yPtclbSVSahHbOSWInagNtdycilVALvJZpxEAmtsfjpzZRqeHRCWQhXUIFLcCUXM.pkg	607
METAL GEAR SOLID SPECIAL MISSIONS (Es)	PSP	EU	http://zeusXXXXEP0101/NPEF00302_00/kapsVdSFNUeXZvfppfGtMLGqEbBMmaYIypShPEYpssUrYQxwpxaxdeiEHYmFRklA.pkg	607
METAL GEAR SOLID SPECIAL MISSIONS (Fr)	PSP	EU	http://zeusXXXXEP0101/NPEF00302_00/PmdWeZQahXXADaYWXxwwhZahcnhqiyBVKpxfDJPSGTqtHyLNnoRSqhmyHlQHVTIK.pkg	607
METAL GEAR SOLID SPECIAL MISSIONS (GB)	PSP	EU	http://zeusXXXXEP0101/NPEF00302_00/xhBZuWGyyWZIjFZDsUWYyrLIwmgJUPKfESpreQtPlNIsvtCWVpJVmWSDoapbbloS.pkg	607
METAL GEAR SOLID SPECIAL MISSIONS (It)	PSP	EU	http://zeusXXXXEP0101/NPEF00302_00/eKMjyMPjjuHrGwybyJAxSgzWzGidMwudNhYOlMiKDGSXDLUMfIjRkXiqSHFyXFKe.pkg	607
Metal Gear Solid: Peace Walker	PSP	EU	http://zeusXXXXEP0101/ULES01372_00/2ydxXlP82AldwanoFV9kJ8ogiDbgBvPvpGQt2LcvFnGGjPLGhcbIkYyxYPPahMIGM7m7C3Tt5mH6EWBAqWf0CLRoyWU47eyWXpEwj.pkg	1408
Metal Gear Solid: Portable Ops	PSP	EU	http://zeusXXXXEP0101/ULES00645_00/VDNPoBoPQUoafKmCccAfa3O22hUwJOWP1JyPxFSg9aFNi9lLgN32jKjS8Tg97OwhxhM2pMj1Gwg2Mx6AirAtaAe30mxlHmDrbpXOC.pkg	965
Metal Gear Solid: Portable Ops Plus	PSP	EU	http://zeusXXXXEP0101/ULES01003_00/o2KuLNHYQy6CeOb6JDAlMBjA78QFI6aNyboFgR6g60hAbBKewmeU8sDvNuqiQvGQUCOXeqw3Neww0tWYHH9xASiCaFDFAUBTkToqp.pkg	601
Metal Slug XX	PSP	EU	http://zeusXXXXEP0576/NPEH00118_00/FlMeefJEKjoBMnzCLxqSOadTbVeOUfxxXvsPwEZgPwJUHRxqsFmJpNrrNvuTfSfK.pkg	166
Midnight Club 3: DUB Edition	PSP	EU	http://zeusXXXXEP1004/ULES00108_00/9ldTc94obs1L60jWB4CCWpPo7ol4epEK3FPrt3O0YBpxYFJ0v1wnbF91yr3YrbS6XHtQx72l0DHp9xFLSoMonvCN9kQ6781uBsLhr.pkg	954
Midnight Club L.A. Remix	PSP	EU	http://zeusXXXXEP1004/ULES01144_00/PlVlCoBKbXfIhJjx3K9h34O6m8MAwI1qoMUNt3OlugUnraHgf6J7WcCiWyNNI33vnpgvQ9gagw001uF0Ah3MHvAoXAyVWyuRdvdq2.pkg	580
ModNation Racers (PSP)	PSP	EU	http://zeusXXXXEP9000/UCES01327_00/NoeCPVSpqYNKrRywLERuEwaX5Nwtl8hWg1nOYpH3rTtstt9Mtc5Er75iqWCheeCiy0noPv56HegDNxuRwbP0wINg8r1uj8JMf9Tct.pkg	1369
Monster Hunter Freedom	PSP	EU	http://zeusXXXXEP0102/ULES00318_00/cTwfkPzsfvQPlMRlZAxllMOnMBVpKhTECDTJvSbtcjpYhbpptVPELIYEfQQEdtRW.pkg	614
Monster Hunter Freedom 2	PSP	EU	http://zeusXXXXEP0102/ULES00851_00/MYVkiXbpdSKpzzjAyDcYfngBhBGsiYScuElenlwbafcCyBCZrOZjJZUqYFvIVTBz.pkg	641
Monster Hunter Freedom Unite	PSP	EU	http://zeusXXXXEP0102/ULES01213_00/3etUocQnItNbw1VGt6CY3QxTaABo4BWLF8LViFrrMFWwvG9KlLKGdqWf6QqnJcGsHmqNvXGYY4vIjNKX7EGEn9sNujOSHT8Vg6hwV.pkg	816
MotorStorm Arctic Edge	PSP	EU	http://zeusXXXXEP9000/UCES01250_00/yrix2vxoMCa8XCOCLkINei4GLcC1SLSLGL2fRdln5ah2aQ9MW713gEQVxKJC0YBkYUhiGpiSUyUURumvL71R2oQGM28ifioJFdj15.pkg	752
Motorstorm: Arctic Edge	PSP	EU	http://zeusXXXXEP9000/UCES01250_00/keQesFlmFuKoCSjdwdoMRdPTYqXEqVjswveFUpywKPU6AqFTHQIBtScMpXRS9YEvp9p6rnfMJyvDhlkTtbnrV3Hjl0QmaWrWEONxh.pkg	548
Mystic Chronicles	PSP	EU	http://zeusXXXXEP1014/NPEH00161_00/gSTTLiTLAAWcJjyiJLHcuIHHuidZZKwcYPIkuurGujrfOCquGvjTRFaaAsBYminO.pkg	41
Naruto Shippuden: Ultimate Ninja Impact	PSP	EU	http://zeusXXXXEP0700/ULES01537_00/FeKbMZjufrfnXBDTKIiAJEWUKOErycCyDZGSGwJfcPytXScClNkyPNiUqIPNfGIi.pkg	928
NBA 2K10	PSP	EU	http://zeusXXXXEP1001/NPEH00025_00/pY34jaMJtUB1yPlk3cKJX9lH1XtjxESjahbkY4YdA7UvdTWWySotomCPudrwk6Hvq9sUw0JK20Wq2WtqGBOtKtrvlKLCRDwGlUGhW.pkg	933
Need for Speed: Most Wanted 5-1-0	PSP	EU	http://zeusXXXXEP0006/ULES00196_00/rgf8FGm4BnmWQCD6oTyomuvdccEvtSrEhH0BlRkTN4tEsB8GMSBFCLo0aK3qSt8h7Yvh5OQANYdpikm7sHOmkpVPmNe4N57x95Ckh.pkg	169
Need for Speed: ProStreet	PSP	EU	http://zeusXXXXEP0006/ULES01019_00/nmJY9Nm5nyiI8qQGWStiw5MD8vMo7PPmmrUmaeaKbQVw5xkdh12A2u02YutpwQLbLUKDGObjDMlhwpmSqWebfjPJekxKsy9YnB4fv.pkg	289
Need for Speed: Shift	PSP	EU	http://zeusXXXXEP0006/ULES01275_00/NBhO1FiXBjwjhDMYGGBLsfFhD3TleU110wvaQiFxPOiYgquRtY56CLdmsq5e6XjyNwS3VyRDgYi68TKGt1VlGBiHM0Uym2YpARc0j.pkg	876
NEOGEO HEROES Ultimate Shooting	PSP	EU	http://zeusXXXXEP0576/NPEH00086_00/uXTlPWzARCPsabQhMWtaxYwBBGWwCWvcMAkKCRqHGQMqmQleLRfGVqgLypoJWbYT.pkg	249
No Gravity Ц The Plague Of Mind	PSP	EU	http://zeusXXXXEP4050/NPEH00002_00/73lHVD9o02y0mWPBCBrIv9oebNJuLcGF5I5Srsri441WipsUhr2HmJmvcxSIwOjn12N0NJ61VCUyBBTl1ePqGBRyF9OcUoA3uADHt.pkg	51
No Heroes Allowed!	PSP	EU	http://zeusXXXXEP9000/NPEG00040_00/Ge491UAuxgNVMpeYAMhbU9i3l6y82L7aeSRTrlHov1EJsKK3xnhsES03Ii2Y1E1V.pkg	177
Numblast	PSP	EU	http://zeusXXXXEP9000/NPEG00011_00/FUk9VH2sRKm7MQ46dqJyHrH3vXjQRO0Dy7jsO0GmU4isvLxubImRdkjJ89Y9qiIPvk4p29LBuWaLMvbyo9CysWgb0drG9IRUpUooe.pkg	42
Open Season	PSP	EU	http://zeusXXXXEP0001/ULES00508_00/PchLMCAYLh9O4a2IuaUuGH7UDRUyMU8m9IhychcKEx9PCD7h6kthHh6cdbVDfokF.pkg	1393
Party Time with Winnie the Pooh	PSP	EU	http://zeusXXXXEP1006/NPEF00082_00/v67ppyN1qyeyfWcU8ghxMbHSmFL6wlwhUGMSTW7Gs1IkHuF4F9tvM0hE4GkoutnTD2FawjQ1AFNVkH55Y7QyPSr8TO6aUSDQc8i8n.pkg	243
Patapon	PSP	EU	http://zeusXXXXEP9000/UCES00995_00/A4GMlb4HFV1yaRosnAGlgskY6bFfVy1uY2FPHPHqdUJkRoBOwQ7kktl4ifQMqFvKpQulg3vyIs8qvWGrhR9MRUveRtLPlFGxFkwtM.pkg	309
Patapon 2	PSP	EU	http://zeusXXXXEP9000/UCES01177_00/tIjU9WF9YuJEidAM3T2Bk3WD0v0DtiFtBNsrmOUYw5N7B8hLHis7Xp12gEO7gTouOR8vlHPOXGiiWdEldA6iR2qTLhAdURQfdh7Hw.pkg	385
Patapon 3	PSP	EU	http://zeusXXXXEP9000/UCES01421_00/GRIDnjgCNVNWExNcSeHMBxJUBsDmwjXBHNqqwHQnnLhwCVQeRBjCoViIhGvLQSQA.pkg	416
Patchwork Heroes	PSP	EU	http://zeusXXXXEP9000/NPEG00028_00/NiYUs61GISSGmXp6YlDvSicx9JNg0K0sWy77PwVtc8dxhEKu0Y00RMd4eSHNH139vKjWo0S43Vdn2YIKRYDY1c0uahuAMykgVPMfU.pkg	265
Peggle	PSP	EU	http://zeusXXXXEP0017/NPEG00038_00/cupyKegtIscuVS1DCM1h2i33ayl1rOLr2oJ4dLv2aSTT6HIpUj91WJN1h0d0qYMs.pkg	33
Phantasy Star Portable 2	PSP	EU	http://zeusXXXXEP0177/ULES01439_00/HGbXuvWcJpf3upT5GV5Hs3Kg2qQAOT170UXY0VhIxqygqAtlVlSOfBi942cDG3PV.pkg	979
Phantom Brave: The Hermuda Triangle	PSP	EU	http://zeusXXXXEP1063/NPEH00104_00/loaOlYVhGuaCACJTIYakBuUcJGFxRFoiwRzRGXTGPkWhQQdbCjgLpoeLRCaiExQF.pkg	587
Phineas and Ferb Across the Second Dimension	PSP	EU	http://zeusXXXXEP9000/UCES01564_00/tzxQaHlUdNogezxmRrVGvIrJOOxZmGGFtfeohKrnHkgCbbjoKpdazDHjJLTCFZDb.pkg	804
Pinball Heroes (Shell)	PSP	EU	http://zeusXXXXEP9000/NPEG00018_00/G4y4AKaVXQUukTwmdRM6wYnju92oTUwQ4LkwOm2Ikd0lUbvJYrUY08wC6DlOlTLeUu8MqU29oyotfg98RJQsAcCN35YQisf0YD2VX.pkg	8
Pipe Mania	PSP	EU	http://zeusXXXXEP4014/NPEH90006_00/HhBGW4ORJwgbDPXieAb2SG0lIAIg0fUuJdTm0XGruLHHMaVBhYjTF1BlbSOWwPB0TxWR8KIOctyq5cvY3S7VwrPy92lppOj3txnyr.pkg	40
Pirates of the Caribbean: At World's End	PSP	EU	http://zeusXXXXEP1006/ULES00727_00/yqPvDsg42tSSQMErThQ3drpqp8R7o9wp6jT6Aa1apXIedQ5qhJFGXSVyLddlQb79mDPtQo9M5QKOHkQVvliqJDpXoR5XfHFxYF12o.pkg	1079
Pirates of the Caribbean: Dead Man's Chest	PSP	EU	http://zeusXXXXEP1006/ULES00366_00/jFrgnjSIXGQwGvtM1dHdrr4c4Hu8RWgPrysHE7NJrwcqBJU48L8ak7AlrosU1YDYnAjrMJADdNeLDcxHF5bNckluf3vJWLAnAT5Kn.pkg	323
PixelJunk Monsters Deluxe	PSP	EU	http://zeusXXXXEP9000/NPEG00017_00/jLAt1Whli9cXQJ598FSQvqcGkUA1g077D0ccYn99UTTqPPkbeXrsyPtBaaUKBY11fgT4wfgcCGQ9RS7hyF2dqW6HhKYdYJb49SyVE.pkg	70
PlayEnglish (Spanish only)	PSP	EU	http://zeusXXXXEP4160/NPEH00071_00/WJSYbGhvuR1i3JrD0G8Jf5KLCA9hfVIrLhPDKBF64bYTseXeyoTpwc5pevBJbu7NqlRhS5wd6nhRjWJF8oVmsBJt9I72VlEI8RgiT.pkg	358
PlayEnglish: Manual and Tips (Spanish)	PSP	EU	http://zeusXXXXEP4160/NPEH00103_00/hzyDBueeibnVqKCnsGZOEnFQnFnAfgFRIPqqBNiznWxPtshqHsVNQriyrzPCQdQM.pkg	30
PlayEnglish: Pack Capitulos 16-17-18 (Spanish)	PSP	EU	http://zeusXXXXEP4160/NPEH00102_00/MxGTaeHfZETdUBBgNZoEIVtkWeIuULuBcMOcLWOBsXugdQWBxzgLAsWmUhZcwrvz.pkg	116
Power Stone Collection	PSP	EU	http://zeusXXXXEP0102/ULES00496_00/OJCmYTF0sGbichMMGhgsbHno3n7EUEo9lN3f1wrQOQjQCmrNiWaHHParJEWblxEgd3RPetdyAfEJU7GWoYLsH9hTScD9u6u1KTR4F.pkg	302
Prince of Persia Revelations	PSP	EU	http://zeusXXXXEP0001/ULES00223_00/2JBMoKFGtO0hYKgbx6Mtmntf4tNNixAvXnL81IhIeWN3x0d0lWnaf8skliGjRIMKDbWj42xphEU12GY4R1GqFKCxvCREleewIb22f.pkg	1277
Prince of Persia: Rival Swords	PSP	EU	http://zeusXXXXEP0001/ULES00579_00/tbFiUYaI9YRreGvXpxQiMxjbcBQeWSJ58ocKD1wJg5W18mK1BbfmrKToUrAkp2JYEDrlIvClPrqDDU1KRnt31neLxy1Mx3EiiS148.pkg	828
Prinny 2: Dawn of Operation Panties, Dood!	PSP	EU	http://zeusXXXXEP1063/NPEH00101_00/duVrBQGDjrcaVChdJmAbbAMmQIbMjcNrEDJyDYYYjwaXhrUOBHhFiQppbeRzunKa.pkg	376
Prinny: Can I Really Be The Hero?	PSP	EU	http://zeusXXXXEP1063/ULES01278_00/A4lC9neruVTBJFQNdEQjsK38MO4y7vNxlLkGmfpsrfLJ38VtlCJijnisr1D9m1PONIjJeYQIFUtEjsU7hPAtHLTjM2B7aWAPhRWfr.pkg	280
Pursuit Force	PSP	EU	http://zeusXXXXEP9000/UCES00019_00/5E6v606dnvmsuPgN7Oyp0qyBOHt7UAg8jrmvjC3xcGEc86UBXTdFiFLj0SRablvS26fnHqjTXEty8tJGr2Ab79AmtExROCXYao41s.pkg	984
Pursuit Force: Extreme Justice	PSP	EU	http://zeusXXXXEP9000/UCES00694_00/HODtV4Rgqg2ox8VmYGefJKLYWXQ7seI6j5lFPkgeYQc9CrqVCNyfArerDL1x4GjQHpjBmhJvthlyrJJSxScvDjMdb1P1iw4rQ0WSn.pkg	1539
Puzzle Quest: Challenge Of The War Lords	PSP	EU	http://zeusXXXXEP0367/ULES00909_00/avNJ2pseWMDeKXtGBoShwb0IcV0jhcJ1oVxPcNUMgCNkr1MTvrIwsBg9wiP28AebAaOxg4B6dfjMSmQm4RH4OnJNBTKvBtk3vdgw4.pkg	78
Ratatouille (German only)	PSP	EU	http://zeusXXXXEP1006/ULES00736_00/PuoQcxjVkukKMqHIJcWISrPImyoHwIrdWTGKznDHAtsQUWgorEJxleikOGOUIDFx.pkg	597
Ratatouille (IT:CH)	PSP	EU	http://zeusXXXXEP1006/ULES00744_00/RNwOYrCXOwqCnpRmnGbuBkjLPOAGpoOJIvSgQwhkiymNLkegJRavRKuVHZnSLmec.pkg	551
Ratatouille (Russian only)	PSP	EU	http://zeusXXXXEP1006/ULES00748_00/BSPyCiFesFwjpruMrzQkCMrAyJtFeMsOXLnolwkjFEtWlJPYAQSOLCctPYtqbFQI.pkg	541
Resistance: Retribution	PSP	EU	http://zeusXXXXEP9000/UCES01184_00/S3kS7xsiw55Yjp2Igorx7OlJOCiJRLpqHY7RLPPN8pT7VnLeYfyHPBXHxd5yMo54uwfuKRDaiylBBUQXk0arX9df7i1SXcRKw31se.pkg	1573
Retro City Rampage DX	PSP	EU	http://zeusXXXXEP2077/NPEH00170_00/EP2077-NPEH00170_00-GPCRETROCI000001_bg_1_a1ec6415263728d25f36369a2ef4736ffa6b1707.pkg	9
Ridge Racer	PSP	EU	http://zeusXXXXEP0700/UCES00002_00/QcIsFaSoIrJa1pmE2WUuUFLyMJs0DfOmGDfId0aeVbWHmkQmkNQkl6c7Xf5sSj5R.pkg	644
Riff: Everyday Shooter	PSP	EU	http://zeusXXXXEP9000/NPEG00009_00/wxOTu4FUxnGrTarswYU1xbL1Ybe9E286uk1wlyfdRdf4T4NxhtOC3DTfeIArLvtb4ap4QbmKTGVPq3wAE36NRljpacHaucodISIPV.pkg	47
Riviera: The Promised Land	PSP	EU	http://zeusXXXXEP4040/ULES00818_00/bdsGdLkkqyQxILpewKoLyECRm7YbvxLwCBxUKq2cMV9GxxhciATyHEDyKXogD79TsB6NvguNaY5c1n2PbrA2vKeeqtQRqGRh589HY.pkg	226
Sega Mega Drive Collection	PSP	EU	http://zeusXXXXEP0177/ULES00556_00/YInV4EDjUVt1ScWwOIOyOKhqjQOYMbvv1aFDXI2Dkjl1VRGv1u0pLrRLh0TsQccMTm8MiBSSukHPbCJwCbeEDFOYFHAqk2A8GEAIQ.pkg	789
Shin Megami Tensei: Persona	PSP	EU	http://zeusXXXXEP0005/NPEH00069_00/MCB9EbPFx257Ua3y4VhxnkYoRI8jROx9WKlr3y3vbliEJ8Lbqgnk3dwqAjshIQQc.pkg	502
Shin Megami Tensei: Persona 2 Innocent Sin	PSP	EU	http://zeusXXXXEP4015/ULES01557_00/ubRTeJAXIZenjMYXdHFXFUVJcDipibPOIqWvSpqbApnaJCVKFcfYoKtfPQOKhIcz.pkg	908
Shin Megami Tensei: Persona 3 Portable	PSP	EU	http://zeusXXXXEP4015/ULES01523_00/uwHXETDfVlfczFuXDCDJPYmbbpwktIzcFwAehYgGBadIqUgIoGePUbzIAGwmaLIV.pkg	1094
Sid Meier's Pirates!	PSP	EU	http://zeusXXXXEP1001/ULES00688_00/9p1aHeKDC7LooEe4B6i19LjO1DJT3Jhr3nMVVwCbGL8ijHUjCWYOjSfpfDQIvwwvjQhEnDOoVK47eatRtIfC5FUmPmWD6nVYauQ8s.pkg	175
Skate Park City	PSP	EU	http://zeusXXXXEP4061/ULES00957_00/OKGakjOF10FQA0cmnPkSnNXqnv4AkTwr37J5MsG6MCOFj7xUKxpMFRDvl6Y56hvbCVxB1Ye6Eus85KBSVvr0apGOLGqL1NPSyUWMx.pkg	164
SOCOM: Fireteam Bravo	PSP	EU	http://zeusXXXXEP9000/UCES00038_00/fuMjUSHMMcGwsPmxbtYWGrJuqu5WYO4ciTMEWYF4gJdBjQ5TeRKtCw1iDcJKcLfBjMgUiUePv5Ong9wWa5M13qpwSoAno1PF3lmOt.pkg	1003
Sonic Rivals 2	PSP	EU	http://zeusXXXXEP0177/ULES00940_00/sR1PdYMsHjyRHnHRd2Js2BC3k6YkQlsIbpuSNlSo9NmfolrNJsKV06BMDEC6ouKQkF02rv9Kebfxk6Ub4O71LSlqQ2bGmFy075UYs.pkg	220
SoulCalibur: Broken Destiny	PSP	EU	http://zeusXXXXEP0700/ULES01298_00/NIlFQ5vVw59ECFST8NIKLTWHoswfFvybf1WRijEdvIw4AlkUAn3rusbd9mK5Nq6GXTXWRyKwpmj853pM96WMBDSvR7K5Im6BjXKHq.pkg	418
Space Invaders Extreme	PSP	EU	http://zeusXXXXEP0082/ULES01078_00/sWZRXtKFfisresHfPHDPCeGUbbahHWVncDkLrPozCyCaLiKbJvfdhFoOtRfUrWSq.pkg	36
Spectral Souls: Resurrection of the Ethereal Empires	PSP	EU	http://zeusXXXXEP4015/NPEH00105_00/MpScKYIPAQVRkciultWqCoVktIWnfiKtmvpdyspRnOGxzkJyatCfCDoFmacAtKlp.pkg	525
Spinout	PSP	EU	http://zeusXXXXEP4015/ULES00693_00/Tn1l3yBbNYqa3RAOREF0qgLWLCpDhFfeCFUPbRpjXFU2g4syJyCJ3D3dioaFpvgSRsL8Cj08SHu1SUX7U3khvapwLjn31SsyFUKcm.pkg	79
Split/Second: Velocity	PSP	EU	http://zeusXXXXEP1006/ULES01402_00/pFsj7crsDfVLd1o44buuFRueNtPj2oalJ85K1uoiBalLvYQmWBt9PX4hOAaSDJ2Q.pkg	1454
SSX On Tour	PSP	EU	http://zeusXXXXEP0006/ULES00192_00/lenpPBPoDcAXLhMbgncCGnmXJzghDLcqhIxwXTWMhbevlcSdaxYfijDuYoTszGzQ.pkg	650
Star Wars: Battlefront II	PSP	EU	http://zeusXXXXEP1010/ULES00183_00/r6mAT8HJFbt8aNiqfEl02uJrSevfqk37Tnx5mK6KyYwG61JFdPKSW7wLDaKLtmDGhLmhukXpYHy7181MEt6ayTHJcqwJyC46mm3PE.pkg	594
Star Wars: Battlefront Ц Elite Squadron	PSP	EU	http://zeusXXXXEP1010/ULES01214_00/bLOL9OeHfqD6m75CuOiPTENbN9Hjp0grsTbOX7ynXYwrsnX30xxANcdocmslSoFxYIL0p73DsuYYpRo5U273va3qsCL0ON7sdK42v.pkg	1187
Star Wars: Battlefront Ц Renegade Squadron	PSP	EU	http://zeusXXXXEP1010/ULES00861_00/imJJ73CyFP4Q9ELOCY5in4Wfyy9wsjHcmMBuQA1glVfD6DAMtV0IveWVw3sLiHtNbxthtX0BmC4qHcxXRiNshun9UpdkHb8GYSAgj.pkg	1092
Star Wars: The Clone Wars Ц Republic Heroes	PSP	EU	http://zeusXXXXEP1010/ULES01284_00/QnjS5LXD8qERpjI5a3do1V6PvQb12Ama1e5k3dkBiBJg1Ah2KDXvXp7ETeGjGfK9cKAr6HNDCt3dfhT6kiAFoDaHmUjNvRHgigbm3.pkg	969
Star Wars: The Force Unleashed	PSP	EU	http://zeusXXXXEP1010/ULES00981_00/QtNUevF7X779y1ahR0m9lQewLRxTm9krbtAQF12SG4oOOGEOUFesvhRXFVEAbN6hPTjqyQm0EX1JBYqucV8XSg1tmoG71BFxyeDFX.pkg	816
State Shift	PSP	EU	http://zeusXXXXEP4061/ULES00776_00/RFskt2dV40ALiyRayFofRI6r6CPFkpFx6qRKpF7RbOPmvTODGxvLluRcn25GIV1q96RuhCRIwqMnyVqtaLll8QgcHOP6no7o5ynWF.pkg	158
Street Fighter Alpha 3 MAX	PSP	EU	http://zeusXXXXEP0102/ULES00235_00/A3mRvroTbNUUWp8MPnS2WE0abKI7POcceJDBhBjgdIbLWhHHKgN1JuoI0U90tdWH9iEqICRWxM1jbYYvlW6AXsBxLrTjODPecY9YS.pkg	94
Street Skater	PSP	EU	http://zeusXXXXEP0006/NPEF00027_00/RDR6uslX6EQ1GgiUMrp54QXFGauaiJHcLhGL1YJieExtkk55Tu7WcUMjQqeLmSmtA45k5FwrF4xvEWC8W4H2pasIsvHjHy0PPIhp4.pkg	84
Super Fruitfall	PSP	EU	http://zeusXXXXEP4037/ULES00639_00/QCnyu34reEgRwXcAyq2mxQGJ8ikpgH1VNy0149YauRMXUT2vMRArvdyUwXKKdgoct7P1OOhAwumaFSEUXkWTjoxAIFPBgvJGRkw05.pkg	15
Super Monkey Ball Adventure	PSP	EU	http://zeusXXXXEP0177/ULES00364_00/2UatxfA2YOUtmqIHGnFik5R6UGXHwltGcmhqtqMgxMyKxmoCAqk67n1Tq11Bq6ycTOC1lnlvlVJ5u7HHDRbPROWkFfFqSYl99bcrq.pkg	360
Super Pocket Tennis	PSP	EU	http://zeusXXXXEP0367/ULES00619_00/uebmUMJbydFByQV3ukvB4cRSECKOXku7c4Dao47XjhFwAhkNpt2eXIBnARWiqsFmTo41TXK4gpn757nBcRnSj1D5yD58l4dCnGxDo.pkg	76
Super Stardust Portable	PSP	EU	http://zeusXXXXEP9000/NPEG00008_00/KmcUG6pGFoTDFtyVsgIbKehs0plslTSfu0OUyduviJDjYDjU56rjpNTGnXrghPiUP8Fur4BMRoYeGR1sqTHnJoH7pMLQIV3hyIshJ.pkg	76
Surf's Up	PSP	EU	http://zeusXXXXEP0001/ULES00817_00/WG8QgBdjw8UqS4IHWDYyVNfxKCOvFW6RwQvBdmsldgnUjqJIMjnLFkc82gjJaSAW.pkg	536
Sweet Fuse: At Your Side	PSP	EU	http://zeusXXXXEP1024/NPEH00144_00/mIVBbDsnFaAWBsEsUmbOQLDdKasCjNiaKMZXXIABajocmfzONQlDQrrZfpBqinYA.pkg	684
Syphon Filter: Combat Ops	PSP	EU	http://zeusXXXXEP9000/NPEG00004_00/OBx4A3cvTwG5reObtpF2VVvCAk3uaTV5AEV8d76RXIC2wdrE4sglc8DAY5oiNCnCWsxwCh5TU17I85JWfxAIBVqMl47GFoyVfQqCu.pkg	60
Syphon Filter: Logan's Shadow	PSP	EU	http://zeusXXXXEP9000/UCES00710_00/a1482kf0oLP8WNVgnNHjQF7JCS5iT8OvOwRroWOAj36JNcBLd0FbQsxleOqeJJ2S1jQ5mBOVXJNL12sm3VM4UJCchK07e2bhqbmkm.pkg	1550
Tactics Ogre: Let Us Cling Together	PSP	EU	http://zeusXXXXEP0082/ULES01500_00/vXFiQMkRepwlvubMAPqjtnvGbxnPUWkQecCmQqeYlpHfeyTrZNiZvYNbxALykqVQ.pkg	1122
Tekken 6	PSP	EU	http://zeusXXXXEP0700/ULES01376_00/6x1f31xP1Ui5pcR13HGqN8GvwLk84cn6O6DqmJ6HUtXiayGhnkW4UNQtr9qUQ2dlYhfVxH7ErF0oCRva8FI1lEN8ECifuiG0L35c5.pkg	807
The 3rd Birthday	PSP	EU	http://zeusXXXXEP0082/ULES01513_00/wImWLiImNTdkAhMCgVdIxccGjrOhqkZduiilmVqXgreVwojFFDEsMbldkFFDlIYs.pkg	1181
The Bigs 2	PSP	EU	http://zeusXXXXEP1001/NPEH00009_00/3A2ad4HLDnOpxWJUj7pBBFUhdH6FinDPNx37a733sj0pjm8g7NQq6ISV6qXjRHxGDQW30yYexTvlIXJlIiTKMSgN8NjSDveLAHsuf.pkg	436
The Cryptics	PSP	EU	http://zeusXXXXEP1040/NPEH00001_00/1h9nqJ8gbHGYILId3wMNSpnK3KllP4h3huUJAwlQUDT8oXPykAXh5gcmCKsRF4XuwkoyEsXiFN26bMsxxtfe4Mm0g4fFD00lhfdhl.pkg	190
The Eye of Judgement Legends	PSP	EU	http://zeusXXXXEP9000/UCES01334_00/1DjEGb8bdaOMykUmoVJjYkw0VApSosnWwyKV869BEDdTsscOAXBr71LFftXfrMDKTE5x0UkdtWdyIkl3KLFKh6PvNS8wsLW7Mvsmp.pkg	591
THE EYE OF JUDGMENT LEGENDS	PSP	EU	http://zeusXXXXEP9000/UCES01334_00/Obn7g8lRKU5j07Qec9Ag3AOq8Rm85Nxp5j5C2YidoGtUcRbT01JnUq7w9G1FIlGP4IjM9bduysmt6AxCk6X9FuOJ4AfoPHFRaNTv5.pkg	581
The Red Star	PSP	EU	http://zeusXXXXEP1025/NPEH00024_00/TgpkAhVanIcnitjfbhBtkPjAdeFHloMVpaSEoLtqEgTWeBMuOnuyAhnNhCPEpkyr.pkg	216
The Sims 2: Pets	PSP	EU	http://zeusXXXXEP0006/ULES00595_00/5r04q6hbkoeB5nyCj35lrkVafTCovKX00Ks7G21bdQYwrNCCCMyFhX4yPsonQs6KQdoS0WkVFhROl6xXUgh2nTiNvQvSXRle8IFPw.pkg	840
The Warriors	PSP	EU	http://zeusXXXXEP1004/ULES00483_00/k4vQFlhXrhuYVAvj9wYcknJloV067wfXtx3WwPpRIilFcFnq0qqANRIa5QDcDQqEbL3pCdNW5oiDO9BhDNqla0eHSW37NkmbT408E.pkg	1583
Theme Hospital	PSP	EU	http://zeusXXXXEP0006/NPEF00015_00/8a6KMdtvr6aFFNOi0n5eXf2wHieyXBh2TxUHDnDm8AArq7jI77UnkQeSVp4hGTAsUIUUjJVbUQpFwLo1rIE79qVGDxfXBBs58gp0K.pkg	121
Thexder Neo	PSP	EU	http://zeusXXXXEP0082/NPEH00021_00/X2vTDYtHbUSPb4IfrmDntDQrSWMfBNlaL20XKWGmWQoTMWnlCAW7KUstnI691Mo8suA47HTpHBIv0YR75kJRLfHaVRDSPJjQ0OylM.pkg	32
Tiger Woods PGA Tour 10	PSP	EU	http://zeusXXXXEP0006/ULES01260_00/1TTQTrhfTrmaIntHedird7ty8l9FWc0P8qkTXdys7PeyUi1M7yo4EJNd532XQUgnyCQFB9oRr71kKeEDL1NB7oQGrMJe2lp4DDka7.pkg	927
TNT Racers	PSP	EU	http://zeusXXXXEP4165/NPEH00048_00/oMTQZAuQHfXOBBcWddXehxnmcddEJrRZEpBFqVYsLCGPOVhAQaiZkAPlLmGmcIGO.pkg	45
Tokobot	PSP	EU	http://zeusXXXXEP1001/ULES00312_00/EGEL4OlYDCNN0kGYKmvCIKfh3FO12fEDIfCkYBONmYyfaSnQJ5KUcoeaBGrGf6XmcMYMujg6HbWFwmrl04c8GWtS1imo3eAMby0Ll.pkg	493
Tom Clancy's Ghost Recon: Advanced Warfighter 2	PSP	EU	http://zeusXXXXEP0001/ULES00770_00/guXX9jRPqwMGOp2IuJQNd4UVBCf8RLaOllCMUH5jI8FNeIbMtNcYabVaq1XosTIhCOXagTXdJJbhlJje7mMEYw71tJK4YJLF7ktfD.pkg	675
Tom Clancy's Ghost Recon: Predator	PSP	EU	http://zeusXXXXEP0001/ULES01350_00/DOHFFpSnjmSe4QVGuIAMjad0143UBCxXyrwm6Cs4Yh3bJNyuIk3c4wLOU6MaTkIu.pkg	464
Tom Clancy's Rainbow Six Vegas	PSP	EU	http://zeusXXXXEP0001/ULES00584_00/FYTeEbHqXgwoboxrfzZNocHLahtTHnUhRVPlQvWJRbaNmyEZeEzsZmZHfPCNUzAg.pkg	863
Tom Clancy's Splinter Cell	PSP	EU	http://zeusXXXXEP0001/ULES00281_00/pUNAmksLwWINv4VjSAiNGyDOee6l9SIa7pHVvXCl7i9eEwGYhGabpXkxMmvGsHOkpO9sWUDlwHG4kyvf4unncxTLfnnQeM4LkLKb3.pkg	1276
Tomb Raider: Anniversary	PSP	EU	http://zeusXXXXEP0776/ULES00826_00/iUN9CjPQQ9pGaKC7gj53IIBjtBCmTLtYCDdX4edXGxcekxfYVh2V28GYQgm5XuRgbcAkQwyijpshcXK6pMd09mxkjjMVsNB3tGqnK.pkg	1098
Tomb Raider: Legend	PSP	EU	http://zeusXXXXEP0776/ULES00283_00/kc2gYicxxgnOuTwrupGcpLN2I86wiM1UvdREWbsoot4p9HvMVplKhOCCHW8B9KvJVpIssCsR66lgafOitpBvoxjqeOCiuphylNNiC.pkg	1409
Toy Story 3	PSP	EU	http://zeusXXXXEP1006/ULES01406_00/Uhvv5gkxBpoevFs2hUeBj2NiAMNBa9An6IFaRIRlYHGTPYQOm3LKUwcKEb6gSuWB94Tfs0QA52oE4kImUFcpDwRrolXoP5TKfi17i.pkg	141
Toy Story 3 (Russian only)	PSP	EU	http://zeusXXXXEP1006/ULES01404_00/vsfDVOhraCvNvFX8kB2vh6pnwrhg9KWUtQW9yf3SbubxsgXOVPaLfr2pJVFibEPNxiUnAnyklV8laKIQFJvOy60bOxpCBY7FBYK7t.pkg	116
Trails in the Sky	PSP	EU	http://zeusXXXXEP4015/ULES01556_00/hkIkRLICzwqccCPnGWzfPTCxVsNmviORAbWJNRGouzQiaaetmUBcfEFxJWmlQgWq.pkg	1172
TRON: Evolution	PSP	EU	http://zeusXXXXEP1006/ULES01494_00/YeUlDew2VI1Fj2GvLIHxAGnRUhK52yf6hskgNDQaUhuGUJ0YwP2c1B406MqiKyvM.pkg	202
Ultimate Board Game Collection	PSP	EU	http://zeusXXXXEP4014/ULES01017_00/230hWqurMUXJBGhTcwLb7t2ivljo2O81SMMOCBuMERWigaJF7Obbl0cNpCEiY912hIeCRGXw6X6MS0L7v2yv95RCq4lFG7Y0YdIHO.pkg	46
Unbound Saga	PSP	EU	http://zeusXXXXEP2010/NPEH00006_00/dpyyCoVYYsy62VCeBQYKtDttpLak9gNGMRTQPKwvMRlqMvfhqpm5AeOLbb3Op1HLu1XgsdiHhGT0sjpPWduhip0cf4cbgJm4NGVUV.pkg	258
Uno	PSP	EU	http://zeusXXXXEP2006/NPEH00020_00/CitCr9N5jOa4LEGiPIL5JN97q0RrioqHIicg83CaFtOlTKLyYHwDvQXxl2XMedHDYM3J8bjurWyMQqIopxF54q2O722Sag9xjYx9g.pkg	29
UP	PSP	EU	http://zeusXXXXEP1006/ULES01254_00/JlXliFkdwcPSejTZyXZbfcQlxoTEZazOOTUzFegTlZfxsxntnmtYRLsdOtsGMrVC.pkg	302
UP (Russian only)	PSP	EU	http://zeusXXXXEP1006/ULES01255_00/NlFglSTARxPsbJsSuksbNTdyZNFIEczTUChJZpjgJFsynKVpRPUZrDjQUekgdjEG.pkg	302
Valhalla Knights	PSP	EU	http://zeusXXXXEP4034/ULES00657_00/pqV7g0AfgGOfSoiBQ6x0JLxoNskjVwftAtslaoaL11lIhWGkq0apH6wCH7X0DC4wPGnn6jhLM2hfhVj72nd2TSv1ITYehrCdDRWqw.pkg	331
Valhalla Knights 2	PSP	EU	http://zeusXXXXEP4034/ULES01265_00/vxrRaWjW2iPRTfEGbOUdBMf2d9lqW4M76RhuYaSM1kfnqiBdyiosqhoahP0NGkW5mGme805mAcVjFE6HbT4ob6Ah4dyLEusQ8jEcL.pkg	553
Valhalla Knights 2: Battle Stance	PSP	EU	http://zeusXXXXEP4034/NPEH00070_00/2B5BXx7XGrD66bS518t1BxfjXs4WLJdCssNPbVlKmA6kArInPvJeFRT84iLwNUUv.pkg	695
Valkyria Chronicles II	PSP	EU	http://zeusXXXXEP0177/ULES01417_00/8lcvT472qumjiK3jWPgjCmiXXGlLSKHjUVQ9AqqpjcJQGmOeiDO2UjWJrV9stqJl.pkg	848
Voodoo Dice	PSP	EU	http://zeusXXXXEP0001/NPEH00043_00/kKaCuDiMC0GBBEmNi2DnofgVLDRirxEeNeuHsgjJnjjNQmn4U1tmGbsGRMQXtClDffQFguG6LBqXWREGWXMUOTBQgCP43SnkDN17Q.pkg	24
Wall-E	PSP	EU	http://zeusXXXXEP1006/ULES01082_00/SXVVfTrKEousQoJuKBFWHrNajraYEreENFxdJUFwkPNImMKfrFMOfKVADvlLJKGY.pkg	415
Warriors Orochi	PSP	EU	http://zeusXXXXEP0106/ULES01054_00/tRMD8CTJdA4d0ewxaTNGvyhekjS1RRbDGNM0OTkIUOwCFkv81s6T7k2jykPuFP8Yb0hc7plQtkqKyCLqHPS20TPy3N6uXXe40qVB7.pkg	436
Warriors Orochi 2	PSP	EU	http://zeusXXXXEP0106/ULES01261_00/OaXM3E31OlBqIrCWG9wTUrfiCNHWgmPphLC0HTNmoor2K3379nkuwASfCHmcwylqXAXm2qwCXnquMH2dfSXqnXEdKMYMTo0nAqogn.pkg	1342
What Did I Do to Deserve This, My Lord!?	PSP	EU	http://zeusXXXXEP1063/NPEH00044_00/n3wIHfw21DIx2FEWN0nP8A95Ru1tqOapJRj8PHc65rswrpTQIVBoS92GO3n1leJXmwaAD6k8iQWw1UnJrTFmlIoRrataosi5OcIoa.pkg	198
White Knight Chronicles: Origins	PSP	EU	http://zeusXXXXEP9000/UCES01511_00/fgBCeeEVEddYspnjDDXxqdMtDsfTVlOokmqfmGbyycCqYAHflaLlocmLJCPClXBi.pkg	710
Williams Pinball Classics	PSP	EU	http://zeusXXXXEP4037/ULES01014_00/wLShEEm99nuaKBGdWt6C3QEAKRBvX0b5BdBNufyk2l7P7OUPrRnLMKBOi0S5yiKPBfM2LpaMWYLIwt2aWAg8LYawp0qvLjwo4x9fs.pkg	270
WipEout Pure	PSP	EU	http://zeusXXXXEP9000/UCES00001_00/7cyga140sLxce7lMrIBnHAH7cMrFidmwhWRQ9k8EA8Q5SjljG0njWH98qVsKhSELXI5K3KeKMg1wLPcBXrrij5O0uCViB4qXg9PTq.pkg	312
WipEout Pure	PSP	EU	http://zeusXXXXEP9000/UCES00001_00/FDbbcTfnC0CNDK1cFU8K7NIK4RCX8IqLEGtpUgeLMErLbVpNjEsasWG5nO9ofLbTEx7McsPyiVcQtb8qLUvQiXBTttVCkHilP1GwU.pkg	312
World Of Pool	PSP	EU	http://zeusXXXXEP4015/ULES00821_00/kcSeHkKld1OyK28PPwiHVlPfF0wfJSEFk4PgY7tdqJwHmDC7SDTecYK2NdqfqPWRURTShF0FMoDBI4W1LRmmhJ596aaA0JbvH9Ghy.pkg	99
Worms: Battle Islands	PSP	EU	http://zeusXXXXEP4064/NPEH00019_00/yFoIMbfPRyIvArDwBCiMLBetCcROSSRuKFnchoqynMEzVvuQhlZyGtajhfUViYAg.pkg	90
WWII: Battle Over The Pacific	PSP	EU	http://zeusXXXXEP4061/ULES00974_00/ulN13gcB2AKi2OshphGwe9CCSgXMcGwjqKBjGx46sNfxpjPXkYtyuiiU09kKpbi658rXeHBGF21GfEDWOl3Od4W8pssBqXymVbhG3.pkg	24
Xyanide: Resurrection	PSP	EU	http://zeusXXXXEP4005/NPEH00060_00/wmiTT8mvvm8nkSiwXtPOfVafgQK2JoRUqQfP5FMVaQI2xbBlX72oiCIiHiXUgWIq2tEschXaU3Kdr7g99ViScfucMn8DyiurapqvA.pkg	1344
Ys I & II Chronicles	PSP	EU	http://zeusXXXXEP1023/NPEH00064_00/pHASBegYzhMTdRFVLNEYidNmFPZMeDFAiBFtIRThUAESQADwSZmhRkvPbyUGpbhd.pkg	914
Ys Seven	PSP	EU	http://zeusXXXXEP1023/NPEH00065_00/KxXoWFnNcxCmcuTSRPLYnsgQDXjhlEVpNvgIdSlxnBKGxpikUbIqVifrMRbXOAqP.pkg	434
Ys: The Oath in Felghana	PSP	EU	http://zeusXXXXEP1023/NPEH00077_00/wgYJbgQgplEBrEkAlJomhohqiMWqwsiKhTbhyQmLZdScKoYvGYoIKOtfnZYxLBhI.pkg	766
Yu-Gi-Oh! 5D's Tag Force 5	PSP	EU	http://zeusXXXXEP0101/ULES01474_00/OCHkkRDqIkBQQSOuqKLkSuueKLcNygRKlKYXPZLHOHFptgmWKzfNklUVksPrkbdI.pkg	966
Z.H.P.: Unlosing Ranger VS Darkdeath Evilman	PSP	EU	http://zeusXXXXEP1063/NPEH00099_00/TF1BpfUmcdRKlYT0FEHPRLFmMps84K4OrsW13aGnP8V3Khy6N74odRcyHWCrQCSx.pkg	572
Zuma	PSP	EU	http://zeusXXXXEP0017/NPEG00037_00/1uGHCTG5kvY6mkJy6qg0K3dU9q0sdoJ0QV66WjpPuvCm0foUtuKcwQwsTBtEM6uU.pkg	15
2D Adventures of Rotating Octopus Character (Minis)	Minis	EU	http://zeusXXXXEP4290/NPEZ00363_00/ZzXYudApUFgDlBLIYNnRCaWLbxuuLZQaPgCRdFCNlllyWSrPigxjCBdZMZgLpwsH.pkg	21
3D Twist & Match (Minis)	Minis	EU	http://zeusXXXXEP4119/NPEZ00318_00/RIEPdEjTPsYbsprGwyUvzfVSDDzpQEFcHDbcplwawpYdoZBhQnFIORunubdhVyMl.pkg	21
5 in 1 Solitaire (Minis)	Minis	EU	http://zeusXXXXEP2043/NPEZ00384_00/syvnQdSxkDEBHQRKOEjJJKIhvafdmwlQLDKeVWxAHXTnytNAuVVpNKGoggYblTdh.pkg	6
Age of Hammer Wars (Minis)	Minis	EU	http://zeusXXXXEP4118/NPEZ00142_00/O149TKaCH79Aiu0gKemsswrnH6iT5yuOX4NehD2NBGjk4F8v9Rx1HU272cSox6u9.pkg	39
Alien Havoc (Minis)	Minis	EU	http://zeusXXXXEP4073/NPEZ00025_00/x55NdgG3BVsduNUyrktTViBKWuRecsW556Av10LrmVLLrpyjGhoRT3wsC7df7HsJjgbviMDugsE5gJfeWMhNiAnI0Wgse9JX40UDR.pkg	8
Arcade Darts (Minis)	Minis	EU	http://zeusXXXXEP4090/NPEZ00053_00/Cd5XCfU5hOMd13hkmlHDDmGNTYcr3K68v10DKQnrRUXv5hkLGvp83L5K4G9Uha9IhKw5bge0NkOR1yHFfHiwexeF1LRMT6qncv7s5.pkg	22
Arcade Essentials (Minis)	Minis	EU	http://zeusXXXXEP4069/NPEZ00204_00/dOmZufUrpkrUKnAbWsvtGINoMdvNovlgWaaNZBzOGhrhAhidGscYYwMThzQemtPJ.pkg	34
AvengeXX (Minis)	Minis	EU	http://zeusXXXXEP4237/NPEZ00473_00/EP4237-NPEZ00473_00-GPCAVENGEX000001_bg_1_643ccf3a616d1dd40789a8c0afc2dca3b614c1a2.pkg	10
BABEL the King of the Blocks (Minis)	Minis	EU	http://zeusXXXXEP4128/NPEZ00359_00/JuVCGkpqSJujsQqWeYXxkFcqWFROvUaSWLkOXZzzQZDvoJfcTHRCvcumXARCGuhq.pkg	22
Beam'em Up (Minis)	Minis	EU	http://zeusXXXXEP4086/NPEZ00081_00/9ceXrR8UrvkFExOLpW9QqwegwUvrCLFcEVgVj2WNJgDq2SbWraEjCbae4HpgG42sV9h6rUP7RiPMR9Jp9X0oRIxLpukm1bXhPjAth.pkg	16
Bee Wars (Minis)	Minis	EU	http://zeusXXXXEP4085/NPEZ00034_00/sYfBMbYKxZcDIOJjqbxYYcauaAxjLTYbOWxLlaBtxzPvFfolGLYVHAtBiXxfcdNJ.pkg	7
Bermuda Triangle (Minis)	Minis	EU	http://zeusXXXXEP0576/NPEZ00252_00/bCRRIPwPtUVygXtCCltqIaAohYRpthTdhhoyjLqSXRIQjQuYxGEdwtPBoVPhNTWr.pkg	9
BounceBack (Minis)	Minis	EU	http://zeusXXXXEP4325/NPEZ00461_00/SBvIowyLEDIFZnQqFcnTJUtISYOCQUovaYYPOvFukFepJMAwiJzsQPWnScGXuRyP.pkg	25
Bowling 3D (Minis)	Minis	EU	http://zeusXXXXEP0006/NPEZ00028_00/VAQUgPxVHcuFkeRtd2ubRSon6B6euxOBAuE2cmSlSIQlIXqiTRWQ1i9gdCKPgaOAxDT3iLRMFLD4tY9h27Qyswoxd5KCnuSy64JMP.pkg	20
Brainpipe (Minis)	Minis	EU	http://zeusXXXXEP4079/NPEZ00046_00/X7HvNR00Q1WcFVPKRI3R7iJMEdIUs3697Bf8haoVl8nXchl8sMUKRnfDTykgBRG79LrOgkaFvdarj4RKYmkcosyvFOPGakYL1wQIq.pkg	26
BreakQuest (Minis)	Minis	EU	http://zeusXXXXEP4101/NPEZ00011_00/YtLc2ARoDvt9vga0e0hB6LDasF5Q9iFys9xJTU78FXTGKePew2uAF5mbLEYa6uGjBFNLxGV44G6bULmRv4YVKeImL7fitjukuUxQi.pkg	65
Bubble Trubble (Minis)	Minis	EU	http://zeusXXXXEP4073/NPEZ00023_00/wDxmfKFAmOafIcieSVdg3I0RxHbrCFkI49m360kQ2bmPeK8lugkIY8vAnarljCQ88kxdNwvjBHjGWakTLSFNEDQh2RSXqNGPSXLFe.pkg	17
Canabalt (Minis)	Minis	EU	http://zeusXXXXEP4101/NPEZ00413_00/EvVeIhffehkEoBAMXjaXTpwXmbwrUfwhcdgXrOQzDbHAhYXsQLZmusyEzjyjfaHP.pkg	11
Charge! Tank Squad! (Minis)	Minis	EU	http://zeusXXXXEP9000/NPEX00005_00/CNu0a7EPvL4QxHdNpRcdMtkbiqmHlg8a7L1m6auufmjP6FHyXCDKsJMoaErIy231Rfr9A1oIhKOJr8TXi20tJ92YWG9F8GlWDCrYO.pkg	6
Circles (Minis)	Minis	EU	http://zeusXXXXEP4085/NPEZ00007_00/aAkNAQUOaDRQIDJrPwws97oVV7G45ADJKoCBBus4lYFBsAu8mRggm8gAQha8yKky5lAtBHGBdLIR3xWXifDog1KVGEVlJyjTxDg59.pkg	9
Cubixx (Minis)	Minis	EU	http://zeusXXXXEP4132/NPEZ00101_00/PYejbpWxJyBPBi5r73jQSq6jl67H2cIsMRCAuAmPJHhEhoHQNVgI9fdfB0sB2LHL9uYTNkk36eRJmeTPqJ1SPP4x5B70clNKVDnqK.pkg	26
D-Cube Planet (Minis)	Minis	EU	http://zeusXXXXEP4085/NPEZ00008_00/xOKk58IjdVwHpyc3yrjjPrmupcvb4ocGfxSW1K21tdCQlsibkg0GaVeS1O2hjygWOhUXtFNQpYm2ynxHrhjJGbpkx1YsvyL6QgYbK.pkg	8
Deflector (Minis)	Minis	EU	http://zeusXXXXEP4085/NPEZ00127_00/Hnwntu8B2RUi0HDYdl9hUcLgsUBMXh6fjKSPgEpgB5aorJdBVUfOFfcoKpKVw2ptyXjXHHOnTfgxidkBQ11EF0vwEDbYcOL0Oxuyl.pkg	6
Enchanted Cavern (Minis)	Minis	EU	http://zeusXXXXEP4173/NPEZ00419_00/ghOcsVQLqreYlFXFWVrdPMoUKoSZaaQUNKgxOPGCxVFEicPNqayFBYDxhfboPnXr.pkg	28
Epyx's Impossible Mission (Minis)	Minis	EU	http://zeusXXXXEP4037/NPEZ00173_00/oAKujhXdGJXAMbolmRiUrQVLbbGYLpiLOSJHIyBoTpyQhlAouRcgHfvSXBkDuAwf.pkg	35
Family Games (Minis)	Minis	EU	http://zeusXXXXEP4090/NPEZ00293_00/BzNjtStunkdzNNwISSuNMUdsmDGlJTFfwSiZRbHVoSSCNgtgnYjzRKFBDRGnHBtN.pkg	25
Farm Frenzy 2 (Minis)	Minis	EU	http://zeusXXXXEP4173/NPEZ00416_00/NiPQNbGcHFgwcyJpWjbClKtyfbXfIMgcUXsJeWCCKcMwyTbQXUPsGleWovXhBQFh.pkg	15
Feisty Feet (Minis)	Minis	EU	http://zeusXXXXEP4118/NPEZ00464_00/uDpVZtfcmvpPvZXdXrquHbvQvHdAHmvsGTQLmKzFpuNWHJgtYmdurashBMTWRlOE.pkg	12
Finger Connection (Minis)	Minis	EU	http://zeusXXXXEP9000/NPEX00009_00/KbeeSgei2Fw4lewFh66E8UM0xiGWJQuedkWsPheCjU7ufF8dBTurhtgY3nrJfG34DNTuo5YTjVdb24ymniMB141bFx4Mju2xeHR50.pkg	6
Floating Cloud God Saves The Pilgrims (Minis)	Minis	EU	http://zeusXXXXEP4290/NPEZ00443_00/OqudORoMhXBhUWjrDpaQPwVLmwBSVkcZwlNpqyqhILAclQloggDwpfPdvlTYtmPq.pkg	18
Forest Puzzle (Minis)	Minis	EU	http://zeusXXXXEP4148/NPEZ00180_00/36GDsx3YB576EKBKu4XsukvJNlwNtddL0fmnUmOkg4Sb3Ks7hJ8vNyn1kNBaSqgm9kQSpIe7SBohFWMH2EG7hl4uI9CReVhkwC5FR.pkg	12
Free Shot Frenzy (Minis)	Minis	EU	http://zeusXXXXEP4085/NPEZ00191_00/tboXZTMlbynBnjTLkAsgcAvXRqoyzJYfLOjBobFqAtNLVkBQeuhpbodqgEvMsXCv.pkg	9
Funky Punch (Minis)	Minis	EU	http://zeusXXXXEP4083/NPEZ00004_00/k6PTOghmUxXaNOOaoa0YpTAE1BQ5kYXmuHJSLkiu1r4A1361Yqx2nFNGCwPX1tvO4W6vyexAonj7nlV31EmUXQGIIxv0OserEa9fD.pkg	19
Future Fight (Minis)	Minis	EU	http://zeusXXXXEP4176/NPEZ00189_00/6Q43q82vdjkYRCtQJRH0wFNSbgLVJryxvHSuxgr11wHRn2R4asjfm2EmCLanp2Fe.pkg	16
Gang Wars (Minis)	Minis	EU	http://zeusXXXXEP0576/NPEZ00256_00/VUVsxoIAfrjyWouDIxvMDiusoJCjOjsmMAHPKAdeTFbrtjpJbuhDvzRgauZTTUnK.pkg	12
Gold Fever (Minis)	Minis	EU	http://zeusXXXXEP2016/NPEZ00193_00/Xx3EgLMqemJaKEsMnR044fc6geYgEFI3aPhnqdFAkbPT1tcYw2AqixtwsmBAGedQJMjXWyGcPfQq5np5E1o3t0GtYHlPRFW9knsnF.pkg	9
Guerrilla War (Minis)	Minis	EU	http://zeusXXXXEP0576/NPEZ00259_00/rxPeXuYYZupqhSUlqeCbIyMUbSdRiWfFajYzkWqGoKwxpEsQRvyMgtCXINHbCClO.pkg	15
HAL 21 (Minis)	Minis	EU	http://zeusXXXXEP0576/NPEZ00260_00/ByPNYwXmnppyqsAumHgDLaMFFQpHOMQsuDsMSjIBogKRqjRXnBPNsNKeSGBgBSts.pkg	2
Hello Flowerz (Minis)	Minis	EU	http://zeusXXXXEP4080/NPEZ00160_00/GIDJnSDr03qSnRRb0eX8hs6AO3nHk0boUak0T0d1EfOTqCreluYM8T8psqK3vGVY6aV7RjLLO1g9M9eT0jpFYdKEvhxehVQMnANWH.pkg	13
HISTORY Egypt Engineering an Empire (Minis)	Minis	EU	http://zeusXXXXEP4136/NPEZ00144_00/2jm8RsAL4sNNtkFwFmIWAYN50JSinM2n8aD7We3CH0Sqp4QSIUdsCs3avx2XRInpkEDh7cLHwu81AVU2uL2vcqAq6d1SbInf2nE2G.pkg	20
Hive Sweeper (Minis)	Minis	EU	http://zeusXXXXEP4169/NPEZ00214_00/9AtsXTVXu86Wq6BomurPvkTseboyNlKaeu59gbvW6qbsJuNULudhXxKy6Wbj3Oec.pkg	9
Homerun Hitters (Minis)	Minis	EU	http://zeusXXXXEP9000/NPEX00010_00/23J48rSVokCbfDwfRp8dAAVCSB0Fa9CT82i6A6vvv165AmOnWRUBpesJW7kkaGBY2oDJd2ANGlMkXyJdC0nngmNUMgA1lFRendvI5.pkg	6
Idiot Squad (Minis)	Minis	EU	http://zeusXXXXEP4181/NPEZ00421_00/MjxIyfxnyKfvIwVEqNDYotKUnmlRWPRLKvcIZCRCMKHDMKwdXheqUznHKxpKcFGk.pkg	21
Ikari III: The Rescue (Minis)	Minis	EU	http://zeusXXXXEP0576/NPEZ00261_00/PRTSvHdJBSlIwtQnpbHggwZvmygJqwnayQqHAKhlNTxLStTBEiyvsWhKnRwqHslX.pkg	32
Ikari Warriors (Minis)	Minis	EU	http://zeusXXXXEP0576/NPEZ00262_00/FNflPzypdqatTOwcldDLJfiqwssHbKYzKubqSMmCSlHQTWCsESSgjUUmzeTEaHdG.pkg	11
International Snooker (Minis)	Minis	EU	http://zeusXXXXEP4135/NPEZ00104_00/k1aOCelnwYs1n2hpBGjONioAC2Ky5LwP62Okpms8oLi1EqWW62gaWT8vhPYWYBuByPTrBBXfkj2GKtGCxiKmBCtvxfNdtFEsmgeED.pkg	4
Jewel Keepers: Easter Island (Minis)	Minis	EU	http://zeusXXXXEP4069/NPEZ00185_00/NhLkDAOMOEgiKMqbfs8q9aOHBXcLQ5jIaKHRokm9r7qjLjYQiYxQRt9bYNU6kOQ3.pkg	26
Kahoots (Minis)	Minis	EU	http://zeusXXXXEP4078/NPEZ00009_00/pMP6AhobXKlPqUr8wuVlP5XVND4pHfBmWfhgHkSSClsCq35Hmb4vVc0ho2nPNReqFk7ffBOW1afceoC3b2gwMBYCyLuCBwqiBKUNY.pkg	22
Kaleidoscope (Minis)	Minis	EU	http://zeusXXXXEP4118/NPEZ00406_00/AsIymYGxpeSyhpeWivfzJhNfvoCBOnmNMRrStoWkcCVbxyRENpHgabduXaZCzlec.pkg	45
Karoshi (Minis)	Minis	EU	http://zeusXXXXEP4280/NPEZ00331_00/nPQCNwRAYKdlTJkjiGDIfgPTsuwGkwcPlHkXfJcFrCsLoezfubmcrqiZnRznCpru.pkg	9
Knight Fortix 2 (Minis)	Minis	EU	http://zeusXXXXEP4117/NPEZ00425_00/EYOQuOGgbxlaobNimRXkiAcvLXUEMozmKCWwlTlbWggsstDtzzefWwIHZTACihgm.pkg	94
Love Cupid (Minis)	Minis	EU	http://zeusXXXXEP9000/NPEX00003_00/0AwTekOEQTE8puE9OSnBmvO14lMJifD3N9HM30bx8V82ahqBRhgx4aRHNUwyYWLjf88WlAMaspUR8CjqieIxAQUCWwdFisynCIW5O.pkg	6
Mahjongg Artifacts: Chapter 2 (Minis)	Minis	EU	http://zeusXXXXEP4076/NPEZ00003_00/p9ekKxnMllpVgKwvcaY7PrBFsBAU6WkdCxBl2PHyUYWm7a37Ll9GnMv0h1T2uQtlFf6KVfvhv35Pciu0Few9Cvo6l7AWx1qd2webR.pkg	21
Manic Monkey Mayhem (Minis)	Minis	EU	http://zeusXXXXEP4146/NPEZ00143_00/6RbvvhHEWgU52CCpr5ga7BS8ODRhKcX6cYeCewtrWmkeDQcysusMiSBgfxkvMWpmDG9ekBsMogUIqmvcfPkQV464lKROYWW6oigPL.pkg	15
Marvin's Maze (Minis)	Minis	EU	http://zeusXXXXEP0576/NPEZ00268_00/mUXlhdtWJmTzwndWwVPasefgKaTWIMZUavBNbDVgGRnTdXJtZCeCMAOzDcPRuEBQ.pkg	3
Mecho Wars (Minis)	Minis	EU	http://zeusXXXXEP4073/NPEZ00367_00/EVvuCJOxfXJFNZLTlrgAOqEgTOfOTPGjJFxRcHUWHChbOuXwDRzlRcCyunVIQgdK.pkg	22
MiniSquadron (Minis)	Minis	EU	http://zeusXXXXEP4151/NPEZ00235_00/oSkKMCUSuXUfGJByHkXzquaqCFCZcWtIYQaYbSkMLKIezsRPDbczkjrxkpwuKBZr.pkg	27
Monochrome Racing (Minis)	Minis	EU	http://zeusXXXXEP4069/NPEZ00357_00/ShpnicjdNYklKBlrvGzbOEceochzgyOrGWBkOnpdIyPWGoEMrJxgIZKGtROCbkbi.pkg	27
Monopoly (Minis)	Minis	EU	http://zeusXXXXEP0006/NPEZ00118_00/SnA9OeSy8Cqh0v9FGnAQEn43MUOuudcwK30WeVcLkyhDqppVLFpG6881uY4uLBSQUaamnpd7tXFPWNW5xFwvG8tfoNmfElTXmYpSP.pkg	68
Mots Croises (French) (Minis)	Minis	EU	http://zeusXXXXEP4008/NPEZ00128_00/NWy35PuL1ROAj31pKmfj1wpq2jjxaFANuUfygcIDjF6x3O1PWN3Dfvjv9daXLoqxmMDkw8n5mySt2Km9gcVoxuSSeEAcBntWNYoKX.pkg	12
Nocturnal (Minis)	Minis	EU	http://zeusXXXXEP4085/NPEZ00300_00/OOppolAZQdlCLSPVPFcaAZmTqvBsxdHGvJzoDVLuhswcKbUFwIdbhrQcEhfweJWP.pkg	56
Numba (Minis)	Minis	EU	http://zeusXXXXEP4106/NPEZ00080_00/PSm3TkljAo9CoXeS9GSyWkhg7VNYFVJ3PvHIHCLkbRQjeTBCWx8gOLJftRvp4LRCbfDut2EkTsXiBQgJFvDI27vBIOq2rs4JKyeuB.pkg	18
One Two Boat Racing (Minis)	Minis	EU	http://zeusXXXXEP9000/NPEX00007_00/J5wkVM2YWy3lIbdXkmndfF2GIuMvyG7suJRjAtc5vDIkcg6tXPe6xXMpNSU6PTLqO2mlftEHIA9etasBshXHBGpqmwiC7LCSaEsjx.pkg	5
Ozma Wars (Minis)	Minis	EU	http://zeusXXXXEP0576/NPEZ00271_00/xLvIRVfQBbSThLtMORXqJJyOYNgZrYOXyDCriUvhCRkVqOJYqnErAgZVFRweotAL.pkg	2
Pachisi (Minis)	Minis	EU	http://zeusXXXXEP4085/NPEZ00123_00/wsYMfM33LfQlWo6b89obPgASAMFmBTTXVPv6i68wJHtdF2LJ6kjHaEKTn0CDK2DUdpH5KxruYJXCFSq03WiPyYmgEVPL5xdU5fV0Q.pkg	25
Pac-Man Championship Edition (French) (Minis)	Minis	EU	http://zeusXXXXEP4107/NPEZ00306_00/GOSbafTxBNRfQWzOuOwrGaFjdpbMLicCjLWRcvQvWXDEWrxCxsOcTjEesQLqsuzO.pkg	21
Pac-Man Championship Edition (Italian) (Minis)	Minis	EU	http://zeusXXXXEP4107/NPEZ00307_00/IlbZzrYSyIfMqtkzSCQPApPopdeyRWnCoZeHOqEcrhQvxpkJBbHfUEkvszPtuJFl.pkg	21
Pac-Man Championship Edition (Spanish) (Minis)	Minis	EU	http://zeusXXXXEP4107/NPEZ00309_00/HmNWYwlftWgjDJaBZoElaTILnZfBqicbabAmjsxNAeEswBOadlThWbLLHTpRHFJw.pkg	21
Pallurikio (Minis)	Minis	EU	http://zeusXXXXEP4125/NPEZ00125_00/J7pSG89pCY9wEksgJu3dwVcD858dqMON1VrvM4b3Llc4W2bTiUiFtNDftcPdNx3tCHJFBRUQTPmchAeWd9xFGxqqWD6l97WYK63Yj.pkg	22
Panda Craze (Minis)	Minis	EU	http://zeusXXXXEP2016/NPEZ00209_00/5VgbSDSPeUVA2jiyFvoa6t3p8mu2GDwYakI0hPt3djQHC9YIu8RnuC9jG0XNCDl6.pkg	12
Paper Wars: Cannon Fodder (Minis)	Minis	EU	http://zeusXXXXEP4174/NPEZ00230_00/L3wuXWENq2jJUMixhNo7T52Vt0sDyNlq3kvSlCbiA4SJf3BSj3lJIQ0IHNyN2nhN.pkg	9
Pile Up! Bakery (Minis)	Minis	EU	http://zeusXXXXEP9000/NPEX00006_00/gOhQdqK4LBt4xqANs6pFR1pS58yGbe3vo5oJVfjDn984SBsm2dsJEHrQJMIbEiEEaYumcdL2l05kC9k8aM7omLKex7AJfrKeeWQrq.pkg	5
Pinball Dreams (Minis)	Minis	EU	http://zeusXXXXEP4081/NPEZ00021_00/XPUrNrAkvNt9KWF5KNeXRuEYDlyw78F5EvSwVyacbYbib2vsoq5qytENdDLx0TE1cI3vrvQGmkfef7Q3E0hRNL5Iy93EyNgLcq6Kb.pkg	4
Pinball Duel (Minis)	Minis	EU	http://zeusXXXXEP9000/NPEX00012_00/1gqUKciAdLFq8nkkrKi7X2sehGTHgsDETVdHUJ3yPTnSPQolvruXK1wnwGPWaAPllcgf6uGPtlN15mNQiHAfYWjvnjOb60ImyFsWC.pkg	6
Pinball Fantasies (Minis)	Minis	EU	http://zeusXXXXEP4081/NPEZ00022_00/PstjOOFOiQHHwVr6SAvRmMJMX8kbvvCucUgDsO1FOKKrIcybNN2gcKoD5vKMFQBnIk41jL7qCO7h38VS1c6iNSKuYlgkxybbQA5yl.pkg	6
Piyotama (Minis)	Minis	EU	http://zeusXXXXEP9000/NPEX00002_00/nQrImNps4xUq3FKdARugeU31iCv9aLoOrQBD3EmoS1NFGWhcidVErvE209I358pH.pkg	30
Prehistoric Isle (Minis)	Minis	EU	http://zeusXXXXEP0576/NPEZ00275_00/GiVRGqFwGdSpgATixyUTBYsGswTDrioqBuwqLvnjCmYXIyvEySWzXnmkWmGvgLlP.pkg	24
Puzzle Scape (Minis)	Minis	EU	http://zeusXXXXEP4077/NPEZ00001_00/gTiOSAdNe43Cx2J87NDM1IK21loULyaDbJEaW996fB6KxOLGSrn4ncU26OlLV1eA71NfFfS5dxNvRm8JKeRVg6Q3hLiIeEUgjEfDA.pkg	89
Ramen Heaven (Minis)	Minis	EU	http://zeusXXXXEP9000/NPEX00008_00/S0GOEIluWnxWwwnPGT2K37WvjmsOcqEw9bfVtA4Ulj3rGJjdFm6KD7Ip6XqLeIG8aHGi6idlgUBJxeQNTFI2mAqoVj6ANCNelTAU4.pkg	6
Rasmus Klump and the Big Maze (Danish) (Minis)	Minis	EU	http://zeusXXXXEP4336/NPEZ00388_00/afJIMzQPelfXKxkYxfjdObfRzsTgySKCgJqjUJbKqiEmHSWzABFYqGRkELaAGafG.pkg	13
Rasmus Klump in Pingonesien (Danish) (Minis)	Minis	EU	http://zeusXXXXEP4336/NPEZ00387_00/bkSGaiIWBDMQAJnMuBINYhPLYzoYeMxkJKOpiAoHCMvHONPXvdzkSXuYLjZHnFHn.pkg	7
Rasmus Klump is saving the Chickens (Danish) (Minis)	Minis	EU	http://zeusXXXXEP4336/NPEZ00386_00/GBntEKiJtAOPTaiqYoAXHsGAVZMFPTkjIegzgLUqmywdYYriVlVzYuyWskRCrxCM.pkg	7
Robin Hood: The Return of Richard (Minis)	Minis	EU	http://zeusXXXXEP4069/NPEZ00156_00/Ken3uPesikIsYC5PQdscnPvyfFc0OeuwBnLJviohr4EILq7884cgPNKwIOmT64AY9sA2hiOpORQ7Axyv6BtbwyuqolAJVifTrOS3k.pkg	50
Route 66 (Minis)	Minis	EU	http://zeusXXXXEP4085/NPEZ00036_00/QHV7MMDoJqC5CMCt0ieQ1i9SM0cyaJ3i4uEC2Rdswfl0qsfkIbcGgd0iXYR6yU5BFJS5u9V9XWXm0cTiYWckSq9bqnGqM5hWDHBqo.pkg	40
S.A.R. - Search And Rescue (Minis)	Minis	EU	http://zeusXXXXEP0576/NPEZ00278_00/iMLxGSuIUhMajGyeMBuLNRanxvEefVlSQhoQNcFxhhIFjfPnaLKSUfMkKGqXkxNN.pkg	14
Sasuke vs Commander (Minis)	Minis	EU	http://zeusXXXXEP0576/NPEZ00279_00/wjeOaoBVWwjBvPQvtZAsQXsHNQQUlSvWuVxfVLenpMYiMXvSDImEvEBhoEZcccyR.pkg	3
Shapo (Minis)	Minis	EU	http://zeusXXXXEP2016/NPEZ00210_00/MwsBYGwAPEbhNXEeIlLxzfDtGzDaMBFWRrBrKxcYGnvJmsfbNDzMuMizgbgGoGyn.pkg	9
Sheep Defense (Minis)	Minis	EU	http://zeusXXXXEP9000/NPEX00004_00/wqcwn8k395544tDcROA5XrqWdKFMLrCn8VCmlN8WgEdsitmutq6exkL3FN25KAIJrAYqHVV5E0JHyIhpJ7R23QHFUfVLR1ObNkmkG.pkg	4
SHIFT Extended (Minis)	Minis	EU	http://zeusXXXXEP4300/NPEZ00311_00/ytXadJTdMpxaomuFNycVpRgKbudNElObVHlxzCXkqtUZyAtcRcXhKEhJuEReNcrq.pkg	9
Snake Warriors: Training (v2) (Minis)	Minis	EU	http://zeusXXXXEP4152/NPEZ00186_00/bBJpyrbSZiptqfJEGSVsBglnRpWMERbTBNRzDxwEKNbShFJgiLmPrfdKvJOyQThY.pkg	29
Solitaire (Minis)	Minis	EU	http://zeusXXXXEP4008/NPEZ00170_00/nSpqxmEb29q8FeXMX7kOPjUaE9F7M6OFvK0pjR8LMmUcqG9of0g5XERYn4f2uMNj.pkg	13
Spaceball Revolution (Minis)	Minis	EU	http://zeusXXXXEP4080/NPEZ00120_00/FQIqqirGSPOpxlt7xlT83NvqECCEJsiNK4DobuQAL24Ff6BHh02GwOOg3UL6iMfVNWtPBN1xSeiGOIcxPWWLgFiXh2NfOA9bGq28U.pkg	17
Speedball 2 Evolution (Minis)	Minis	EU	http://zeusXXXXEP4333/NPEZ00390_00/WSityJsZuArguSHLrZFqvMGyaFyxkzxgFlhLKYhZbyUvAbSYbtyZRbzxIGQkngUw.pkg	43
Stand O' Food (Minis)	Minis	EU	http://zeusXXXXEP4076/NPEZ00002_00/fXheid11FDvfXcdiagvNdvkGCFAywFuQ7HXdgf8OgVUnDv7AaHKI5PyecJccafNg9eulGMiDOy88Yo4TEXQ70s8FSSikQ5Vk5hUXn.pkg	11
Street Smart (Minis)	Minis	EU	http://zeusXXXXEP0576/NPEZ00282_00/DrNWUwBHtUNuiKHPxWMXAWSjSiIcVWyVGdSUorpJVfQwpbqgfcTFbvWOJjmBWwae.pkg	25
Sudoku (Minis)	Minis	EU	http://zeusXXXXEP0006/NPEZ00027_00/ftUgwLpCAE8Yk0TNCw6BQNROhEg0l7XgHk9DUAhVDO269VL78rl1Qr6X44efAO8i1PJpeSlkCdUJoJGCC0U2nnxbgxy8rgoV4ke0R.pkg	30
Super Fruitfall Deluxe (Minis)	Minis	EU	http://zeusXXXXEP4037/NPEZ00172_00/ZgDWXbFZHtumgeMRIKOmNmuRcVZaewpINBdDbgHkIHrtxxuOWFktlBjvdCZiMKRH.pkg	17
Sweet Drop (Minis)	Minis	EU	http://zeusXXXXEP9000/NPEX00014_00/yqSa5wLUPN2cbICIqGQJsVTifktnnHT5J7N93u0q7OtaO3tQTN0AhJhA5wMpBRs2Dm1sCN0rNmaHbVwWeP496chbQbhTmEABNS8Kw.pkg	5
Sweet Reversi (Minis)	Minis	EU	http://zeusXXXXEP9000/NPEX00011_00/yosLyBOypxgssTiJrDuI5aPq7NkGT9SUG8nTRI5o1G0DtIpDaq4GcRTbCIhj53V2uk8h6lIlQXChYxxJYx4HOakmVaMCcX2CaUXSB.pkg	6
T.N.K. III (Minis)	Minis	EU	http://zeusXXXXEP0576/NPEZ00285_00/scXHOVdpqSJSPVQtfYwFuXlHSvxFbFElJpdbgExPptkpwrjwPAeTwhWKpRKyeNiv.pkg	5
Telegraph Crosswords (Minis)	Minis	EU	http://zeusXXXXEP4119/NPEZ00112_00/egNOKUQPnq4kByrOsae7ciR4dNEEgGXxv5nvFdWfYuo8Rq6hlJF8i6sSuW4uFF6lkpKu5c7dIhomyMNgT372XMYglIi6sJ30eQUkg.pkg	8
Telegraph Sudoku & Kakuro (Minis)	Minis	EU	http://zeusXXXXEP4119/NPEZ00105_00/5TyJGE5YhG7MjvMlnN4m79G2506GQoBecAs6yFbkLWWVIitmcGE6CC3NVKm7ne9vnNdSEM7ER4DjIU38UoHuiTbHddHd68uAO7WNp.pkg	10
The Next Space (Minis)	Minis	EU	http://zeusXXXXEP0576/NPEZ00270_00/XieVencTzdhxFMWwwTcVSJGeDxyPfLkpSVqdHgaYIeXqoPVUmDsLWwpXEcbIGIhj.pkg	33
This Is Football Management (Minis)	Minis	EU	http://zeusXXXXEP9000/NPEX00001_00/Itug685JLwy4xK2WPqAOce64fTsTAhO3dXabeLUil6AmQ5ShgBpNT74m3byMVydElN5rdQJmruNwbxN6EWlGOInE1cW546Fj6nvOh.pkg	13
Tiger Trouble (Minis)	Minis	EU	http://zeusXXXXEP4085/NPEZ00129_00/PrwvthOdg04MiFcdbx6ta5cWyPUH7VROrWTS0675n1nGNjFoJNu36NL0UlhUc6MAm0Ruw70e4BkV9TGsWFhqBpGXadAOaY5NERknv.pkg	23
Time Soldiers (Minis)	Minis	EU	http://zeusXXXXEP0576/NPEZ00284_00/dPUdjMfVoOiYyVajqskUNkBoelOQoqWmtVohGLMNZDcylFfPdZxPKgQjaWwFgRZG.pkg	13
Tiny Hawk (Minis)	Minis	EU	http://zeusXXXXEP4341/NPEZ00434_00/HEYtEzSDuFJBgNkQsnCqqTgWzjbiisPRLuufTUQsEjnrBZNuKlWhGAxmTchNUarO.pkg	6
Tonzurakko (Minis)	Minis	EU	http://zeusXXXXEP9000/NPEX00013_00/T6t6ODVIWvJjx4YdxwopHua2xneQbv1otgvX4q636GKfncQ70sNr1YMS5Jqy2HwuIBQmO56vOFp3MBW6W9igdrOhqBK8pY68EpcI4.pkg	4
Top Trumps NBA All Stars (Minis)	Minis	EU	http://zeusXXXXEP4309/NPEZ00455_00/AdpnEIFyzzRDKjeWWGHhdmYVyHSxnAQRanUwipfIOFUHEjxPlqibRBPMouqYaszK.pkg	16
Touchdown Fever (Minis)	Minis	EU	http://zeusXXXXEP0576/NPEZ00286_00/BqKrlyfBmETflnPdAQjDfvKrKkxVYKrHcsMceGzSsJOBcjOecLyUAsLDhypEBKHn.pkg	39
Trailblazer (Minis)	Minis	EU	http://zeusXXXXEP4309/NPEZ00435_00/eGJHwyPUDLredpjkjIzxSQMfCFlURehwEasRDHqHVBsLmkqqKkhNXTKOvthRtDTX.pkg	26
Urbanix (Minis)	Minis	EU	http://zeusXXXXEP4069/NPEZ00176_00/l7n9RpFt9mtxnRAQnHuLlRLdEYBJ5dIgstrdyQqxGASe6OTyRNOFOU1CnbOMVYVY.pkg	24
Vanguard (Minis)	Minis	EU	http://zeusXXXXEP0576/NPEZ00288_00/riqqJQgsSHgCqbJLlJQQDBeRMDHVXVwlnxUABPtOMSZvMLLXEiLbLatZEnKAiUsE.pkg	3
Vanguard II (Minis)	Minis	EU	http://zeusXXXXEP0576/NPEZ00289_00/xxsvRphnytOKFBaNIZkJUEezdhBJZTpFlaAhnhQdSpNumlIIHXIkHjMPsOVEjDyd.pkg	2
Velocity (Minis)	Minis	EU	http://zeusXXXXEP4143/NPEZ00383_00/LQRHTuAefSdscAJCUcGKzrWwTOyWERUCiIoOqPMxQPhdBXkqWVXeOfAuXRNrqjJM.pkg	76
Vempire (Minis)	Minis	EU	http://zeusXXXXEP4087/NPEZ00058_00/dwihC0qDKhIejvPm4PwqONmqhps5RQNK1AiRiAvyKDa520T7ajxDjdp0UIoNMLcAKLW8J4dSsJCSEPA78u8Ihby2TVOrjsEcSTXXr.pkg	12
Vibes (Minis)	Minis	EU	http://zeusXXXXEP4132/NPEZ00153_00/78Y0tJcWrvtUNc3EJRQSOJU74ocvV7X8hStLyVmhfIsdLGLUbubN0Gs4DW4Qia395vMBFcONH7rGGUloQkK10nkSr79nsrpUoA7wo.pkg	60
Wackylands Boss (Minis)	Minis	EU	http://zeusXXXXEP4073/NPEZ00131_00/wKuXIeWQnQdjoVctNieXEoikLqnGDBJoOXFkkMwTVSJOpCEnSDpQhFbDLFghCcnB.pkg	18
War of Sonria (Minis)	Minis	EU	http://zeusXXXXEP4170/NPEZ00463_00/FcjbxUUDWGIRECePHvMGUMAcavtxnfiBqRTNwWOBJycQTfAvKhrwGfDsdTUNbsKn.pkg	31
Wizorb (Minis)	Minis	EU	http://zeusXXXXEP4101/NPEZ00449_00/byDQvpNROxRHFEDAZRDBqlsUyQNMrNPvheCaOOtvTUQdlUFdDoaOCOfmBYAozExd.pkg	15
World Ping Pong Championship (Minis)	Minis	EU	http://zeusXXXXEP4085/NPEZ00190_00/HCsyvCDNSNuFlgELmYjZDYiorkDhlSRcZGFsVQwPvUIDjWmfznuhtcoPLnNMVrze.pkg	8
Young Thor (Minis)	Minis	EU	http://zeusXXXXEP4096/NPEZ00134_00/ixTcvWwXsqIPCVHbXU0AmXyk0lYS8tg8onJKo8n4PeQ4mbiYr0Uwo3ycyuwrLtu3.pkg	54
Zombie Tycoon (French) (Minis)	Minis	EU	http://zeusXXXXEP4096/NPEZ00103_00/dt7xhFaKcjy2eGJyub8yLndcdEUHiDFwvjOL8HsPLcaswSmOGk7fU8GwE90fShrSKPh2Orb2CAbQ6JH2Oq9wamkygDxfqjKIXXCel.pkg	57
Alpha Mission II (NeoGeo Station)	NeoGeo	EU	http://zeusXXXXEP0576/NPEH00050_00/jtFCnGkdLKCjFtncmtyiHcHBuLSZaAwTCaXlskmRFPXCljWxFBVqZzfqczdOZlun.pkg	14
Art of Fighting (NeoGeo Station)	NeoGeo	EU	http://zeusXXXXEP0576/NPEH00057_00/ZyewDQcHBGSxoZNvDhtBUZSaeRkwYPPZOsDuaaiRoUjfLpByBqosHZehXCZAGixO.pkg	18
Baseball Stars Professional (NeoGeo Station)	NeoGeo	EU	http://zeusXXXXEP0576/NPEH00059_00/siPkteYGqeHvGKGonAdtieXzINgrJYEvWyvhtYncZZqJuRBugQzWUcMcHrrAwAwj.pkg	14
Fatal Fury (NeoGeo Station)	NeoGeo	EU	http://zeusXXXXEP0576/NPEH00054_00/pBdkmgjFsYYrQJiBTIxdwwzXbiNCmBmegtYmURiJxwFpBRHaMaTAbzdVWsmRDUwP.pkg	14
League Bowling (NeoGeo Station)	NeoGeo	EU	http://zeusXXXXEP0576/NPEH00056_00/feIRrkssVomiybZMkSzqMugodZWnBHBWkANvtdakbcggScdgbBQFLWbCvdeoGZXM.pkg	11
Magician Lord (NeoGeo Station)	NeoGeo	EU	http://zeusXXXXEP0576/NPEH00055_00/VlMXUgJgfkOTOqBkRmhPHXtCceSvqWaPHKJWlITMwFmZIqIaRuSILYmfNMzRRybi.pkg	12
Metal Slug (NeoGeo Station)	NeoGeo	EU	http://zeusXXXXEP0576/NPEH00053_00/RQlNAMUOTrxPPZvjepTSxdRYuhUwtBFaaOMWnSrQiCeKNpsMmgbYanJOgYVKqRpH.pkg	32
Metal Slug 2 (NeoGeo Station)	NeoGeo	EU	http://zeusXXXXEP0576/NPEH00124_00/ycqaxcKxrPAOvrzMNVePyVdSAtuVdbctHXTsRQcPjuiMtPHGciUmiOzTKjhCwCho.pkg	34
Samurai Shodown (NeoGeo Station)	NeoGeo	EU	http://zeusXXXXEP0576/NPEH00051_00/fbtzorQJmmaHyLvrONxxiCFyqioJEnWkxqdSSjGgIMiGYWYmwRvsCGnjtBZRdcKB.pkg	21
Shock Troopers (NeoGeo Station)	NeoGeo	EU	http://zeusXXXXEP0576/NPEH00090_00/YZuSFKwkRyeRJURMAGEoEJlOnjhKajbDAdggxPUavvWSvmTmgRnSdsaBWhnxKVaZ.pkg	37
Super Sidekicks (NeoGeo Station)	NeoGeo	EU	http://zeusXXXXEP0576/NPEH00058_00/GykFUCRfFoxSBtIzTfpjCZyAEZsOccfhgUjOatPPDvGycsFdCjLQztVaIMfsaXYe.pkg	15
The King Of Fighters '94 (NeoGeo Station)	NeoGeo	EU	http://zeusXXXXEP0576/NPEH00052_00/mlyyWpneoiIVGwCCtIISWgUIAIbAOvmDJOgvIVZRxbsgdOjegHgBwfEBTAhuSQJV.pkg	27
The King Of Fighters '96 (NeoGeo Station)	NeoGeo	EU	http://zeusXXXXEP0576/NPEH00125_00/kEXorpAcDggdZTCixeOmsdgWQbjfNdDwzrIYmBHQJhwuPFDVqLWVhImQoBBkwQkv.pkg	44
World Heroes (NeoGeo Station)	NeoGeo	EU	http://zeusXXXXEP0576/NPEH00095_00/lHgNOTLulUvsrlunCuvMSnxkPKCWTUMANCZvrbFAfgeOlVbaXLcducoFrFiehttH.pkg	16